Country Name,1960,1961,1962,1963,1964,1965,1966,1967,1968,1969,1970,1971,1972,1973,1974,1975,1976,1977,1978,1979,1980,1981,1982,1983,1984,1985,1986,1987,1988,1989,1990,1991,1992,1993,1994,1995,1996,1997,1998,1999,2000,2001,2002,2003,2004,2005,2006,2007,2008,2009,2010,2011,2012,2013,2014,2015,2016,2017,2018,2019
Aruba,,,,,,,,,,,,,,,,,,,,,,,,,,,,,,,,,,,,,,,,,,,,,,,,,,,,,,,,,,,,
Afghanistan,,,,,,,,,,,,,,,,,,,,,,,,,,,,,,,,,,,,,,,,,,,,,,,,,,,,,,,,,,,,
Angola,,,,,,,,,,,,,,,,,,,,,,,,,,,,,,,,,,,,,,,,,,,,,,,,,,,,,,,,,,,,
Albania,,,,,,,,,,,,,,,,,,,,,,,,,,37.56345178,36.58174098,37.55760369,35.60133167,35.39706436,36.19386394,,,,,,,,,,45.78791501,38.91387709,38.43336332,43.28715764,48.08938998,36.33030188,40.86262764,39.45954672,48.40421112,43.3110431,52.10661323,44.61891925,42.1616017,48.65124673,47.14429011,44.85690174,43.70697118,43.93535208,43.93602576,
Andorra,,,,,,,,,,,,,,,,,,,,,,,,,,,,,,,,,,,,,,,,,,,,,,,,,,,,,,,,,,,,
Arab World,,,,,,,,,,,,,,,,,,,,,,,,,,,,,,,,,,,,,,,,,,,,,,,,,,,,,,,,,,,,
United Arab Emirates,,,,,,,,,,,,,,,,,,82.72985348,79.9856141,,,78.86820421,,,,72.84144427,,,,,,,,,,,,,,,,,,,,,,,,,,,54.95463104,54.93588439,53.8070052,54.39680357,53.76884422,52.77685057,52.77685057,
Argentina,,,,,,,,,,,,,,,,,,,,,,,,,44.42469783,45.24989935,44.3802286,44.77981334,45.61004202,48.06000631,48.82000263,,,39.31427382,36.5228199,37.64595808,37.44349101,36.17254706,37.90605583,36.66605939,37.09247012,38.26485763,38.74816309,,43.26048836,43.07074385,43.51838365,43.3605056,42.78187444,40.45061112,40.23096767,39.52269028,38.79393547,38.83914481,38.96263586,38.67851738,36.28368602,36.41386369,38.3311284,
Armenia,,,,,,,,,,,,,,,,,,,,,,,,,,,,,,,,,,,,,,,,,,,,,39.80886758,40.9169274,40.56746151,40.93659317,40.47510301,47.8596831,38.32695536,39.55158133,37.03920172,33.80782928,29.97283421,29.97283421,51.2592639,31.44685574,31.44685574,
American Samoa,,,,,,,,,,,,,,,,,,,,,,,,,,,,,,,,,,,,,,,,,,,,,,,,,,,,,,,,,,,,
Antigua and Barbuda,,,,,,,,,,,,,,,,,,,,,,,,,,,,,,,,,,,,,,,,,,,,,,,,,,,,,,,,,,,,
Australia,,,,47.72518382,47.73628208,48.27137546,48.39726747,48.64993647,48.9414878,48.32484589,48.8662544,48.95072993,48.57585139,48.86045208,50.10277884,50.07888509,48.9355411,49.20345689,48.73021352,49.64372689,51.01506988,51.35049921,51.26570172,49.20981627,50.13425953,51.40021361,50.80403576,50.18675572,51.11716723,52.09776228,53.01831206,53.14852315,58.36247086,47.94493194,48.15274775,52.76059941,52.76059941,52.2476288,51.22857733,50.62625095,50.90364797,51.68106123,54.54116762,56.21849966,55.78113583,57.22477516,57.80642217,50.49657501,50.65029373,47.73346163,45.351992,49.18668608,53.33777913,45.38859891,45.32415731,44.88403409,43.85740186,45.97124607,46.78189848,
Austria,,,,48.19346383,48.54052969,48.26071815,47.94701744,47.61562301,48.2588356,49.23736404,52.89306702,51.23502149,51.67515862,53.30201986,56.51350276,55.36346848,53.29197702,53.0902437,54.38390533,54.22843827,52.37218626,51.96287855,52.00576052,53.87593512,52.64907389,52.43026005,54.144433,54.12044731,54.78793691,56.11155385,50.86272308,50.63244041,51.00327967,50.23794666,50.723965,55.15434986,55.302618,54.86163716,54.39412476,55.09762962,53.96509538,55.52207227,54.93357287,54.28873281,54.82191862,53.20325585,53.56696213,55.68358036,54.80444119,53.00981947,51.96756662,50.55102048,51.22642384,49.94188631,49.62858422,49.62275834,49.36652389,49.47703513,49.4770362,
Azerbaijan,,,,,,,,,,,,,,,,,,,,,,,,,,,,,,,,,,,,,,,,,,37.13212952,39.87447041,44.90786528,49.68752952,48.32622072,67.93088154,66.32185128,75.08351367,63.41602949,63.6101064,59.96701807,60.46017796,59.74751202,60.79655397,54.4911367,50.97377324,57.47924065,57.47924067,
Burundi,,,,,,,,,,,,15.93927406,18.47368934,15.3124366,16.90953501,24.35699708,19.16628074,21.47678652,14.7393825,8.078957445,8.278083754,,,9.379342807,,,7.894611915,7.168138581,7.051027533,6.90364481,6.920033077,6.726691839,,,,,,,,,,,,,,,,13.50437026,9.485748919,7.208055857,11.38571694,6.996182125,8.928682325,8.975091699,8.975091699,8.975091698,,,,
Belgium,,,,44.57929366,45.84926573,45.85756052,45.42199602,45.6970388,45.29592991,46.39743737,46.18539255,44.31325201,44.07234251,48.33070388,50.12313914,49.44914965,48.92752312,49.3232896,47.90715765,48.27182681,48.44049168,46.73614044,45.3747783,43.95694222,43.27499519,59.26161118,58.36472596,59.42020822,61.95047456,62.10839035,62.37671641,61.04954848,60.50695112,60.55986401,60.28585357,45.15918985,44.28759573,44.31408812,43.92145451,42.81548659,43.88467382,42.32574509,42.32574509,42.98680581,43.5404161,43.11877452,42.56599987,45.3249081,44.50806219,41.56906139,51.82908701,49.25870653,37.34732517,34.3327655,34.8431772,36.56929652,35.0416198,35.25735896,35.25724558,
Benin,,,,,,,,,,,,,,,20.72809787,22.45848522,22.50602938,21.9379627,23.68959108,20.57013786,20.63596974,20.63627981,,,,,,,,,,,,,,,,,,,,,,,,,,,,,,,,,,,,,,
Burkina Faso,,,,,,,,,,,,,,,21.134441,21.4255426,21.16068782,20.90937612,20.59679118,19.17979503,18.12130711,19.32292131,18.37238152,15.67103874,,,,,,,,,,,,,,,,,,,,,,,,,,,,,,,,,,,,
Bangladesh,,,,,,,,12.49776448,14.23268811,12.6454246,10.76513687,9.959045951,8.562076917,10.48463881,10.24622846,14.47538188,15.52769538,17.69549799,16.02366572,17.32735294,16.13123506,18.2733727,20.71058426,20.79621585,22.42240325,24.05149753,19.39989896,19.38834067,20.29354088,17.0198491,17.94476661,15.71609251,16.0735007,,,15.56299093,,,20.65193925,,,,,,,,46.35065944,,,,,28.60297341,28.60297343,,,,,,,
Bulgaria,,,,,,,,,,,,,,,,,,,,,,,,,,,,,,,,,,,,,32.75792744,42.25965496,38.92787283,38.49319405,41.43884892,36.4021805,35.50087873,38.20224719,46.29981025,46.91676059,48.8821578,50.37593985,43.68254433,44.4181148,45.00929944,47.26812073,42.51830801,40.43873729,44.22318422,48.19782752,51.37943389,52.30728721,49.27181067,
Bahrain,,,,,,,,,,,,,,,,,,,,,,,,,,,,,,,,,,,,,,,,,,72.07529197,72.81064606,69.21433706,68.38265011,67.14178529,67.8350338,72.11325511,68.77233396,65.04895644,65.3204778,65.73170073,66.0354535,64.45734119,62.01085988,62.21938656,71.60912482,71.60912482,71.60912481,
"Bahamas, The",,,,,,,,,,,,,,,,,,,,,,,,8.357134879,,,16.70552225,27.31824469,,37.6042367,31.64529299,26.30987845,27.78259373,,,23.50421893,24.76467119,23.03474623,16.78044184,,,,,,,,,,,,,,,,,,,,,
Bosnia and Herzegovina,,,,,,,,,,,,,,,,,,,,,,,,,,,,,,,53.10224793,49.76571602,,,,,,,,,,,,,,,,,,,50.24420581,49.4367439,47.97145701,51.04997141,52.81272121,51.87478961,51.61167851,53.8772067,53.87720666,
Belarus,,,,,,,,,,,,,,,,,,,,,,,,,,,,,,,,,,,,,,,,,,,,,,38.17903728,38.17903733,38.17903736,38.17903732,37.94894317,32.33310255,30.9777715,34.2946473,34.4183608,32.51019192,35.25425556,30.45801834,31.33264284,31.33264283,
Belize,,,,,,,,,,,,,,,,,,,,,,,,,,,,,,22.46731276,22.87694794,22.42040489,20.53971247,,,,,,,,,,,,,,,,,,,,,,,,,,,
Bermuda,,,,,,,,,,,,,,,,,,,,,,,,,,,,,,,,,,,,,73.17776588,73.17776584,73.17776676,73.20679578,73.20679638,73.20679762,73.20679615,73.20679662,73.2067973,73.53891784,74.52603773,73.33946975,73.20679675,73.20679703,73.20679555,73.20679762,73.20679628,73.32697856,69.9113747,68.25614312,70.62385283,73.15171841,73.15171653,
Bolivia,,,,,,,,,,,19.43462898,19.47449768,23.30226365,16.04938272,22.02486679,23.42116269,23.79773692,32.55140458,31.80805831,33.84300341,54.80464625,51.28702398,52.69311997,31.15689498,33.16643267,26.35375944,61.83008058,58.36430036,63.26247987,58.4635576,63.72475055,62.22164456,58.397773,59.6560317,57.72588862,55.77405137,60.68895396,59.06921426,55.23056407,50.92855265,53.56023977,52.09905169,52.09903597,52.09903597,52.09903597,52.09903595,34.7270032,34.7270032,34.7270032,34.72700319,34.66512785,83.62782647,37.76239106,37.76239106,37.76239106,,,,,
Brazil,,,,,,,,,,,,,,,,,,,,,,,,,,,,,,,37.13373948,,37.19606636,35.51679338,34.76650854,34.81216739,37.94287427,38.00587314,39.76510601,41.11921018,44.95103151,42.59239858,43.12084006,44.24168418,44.29804627,45.20872741,45.04379229,44.23312953,46.42652219,44.6069152,42.83692767,40.91360598,39.95327199,40.7785822,42.35058929,37.86406161,40.42928968,37.79897123,37.79897123,
Barbados,,,,,,,,,,,31.48895922,30.32928427,29.57608544,31.5479626,28.03699897,25.16030584,28.46266212,28.96834343,23.90997322,26.62315427,32.52697021,22.74427188,24.83051101,16.7881132,12.22700291,14.99128639,19.34259716,25.03609731,26.090849,29.86999909,31.39185124,29.35257484,27.39880251,22.47619921,22.49705347,23.13134163,22.7015222,22.70153116,,,,,,,,,,,,,,,,,,,,,,
Brunei Darussalam,,,,,,,,,,,,,,,,,,,,,,,,,,,,,,,,,,,,,,,,,,,,,,,,,,,,,,,,,,,,
Bhutan,,,,,,,,,,,,,,,,,,,,,,,,,,,,,,,,,,,,,,,,,,,,,,,,,,,,,,,,,,,,
Botswana,,,,,,,,,,,,,,,,,,,,,,42.25663717,34.48275862,37.44131455,34.14634146,34.59770115,29.40705128,23.86296515,30.67770305,,,,29.38031592,35.04235399,33.82642998,36.18954885,66.16210266,33.67744896,69.25739148,72.02270107,74.65891661,74.92370674,76.45968489,75.0981528,75.7814871,73.62296776,71.95694438,75.15808491,72.15405829,69.08821826,67.8766469,66.88782062,68.28090508,71.11638824,72.80067517,73.48615706,73.45033757,74.18023458,74.18023458,
Central African Republic,,,,,,,,,,,,,,5.411919369,3.403698249,5.334685598,7.306477093,7.410911384,5.99375244,,10.36861817,12.45819398,13.08779245,43.86000819,,34.93431856,41.07938803,25.32543126,23.62275205,30.90718772,27.82413161,12.51754603,22.57684376,20.00454907,,,,,,,,,,,,,,,,,,,,,,,,,,
Canada,,,,52.87267081,52.98245614,52.88522511,52.8115942,51.4516844,51.7374121,51.50314612,52.4173978,52.34809608,53.0267462,54.24141966,55.50686532,54.08416481,54.33607521,54.12553946,53.85887541,54.01119403,54.84193964,53.06487696,51.10444505,50.53263132,50.49431275,50.53763441,51.16171004,52.94564483,52.59147492,51.29319873,45.97925515,43.77780345,42.8488501,43.30938731,44.58686164,45.82021823,44.65662552,44.1973422,43.91724694,41.83791488,45.131274,45.98327367,46.39454476,46.71941116,49.95978112,49.23458184,49.62135015,48.16070539,49.11919643,46.67454021,47.83838535,47.00632863,46.79787313,46.76330501,46.29563421,45.22121527,44.98769707,46.42847564,46.42847564,
Central Europe and the Baltics,,,,,,,,,,,,,,,,,,,,,,,,,,,,,,,,,,,,,,,,,,,,,,,,,,,,,,,,,,,,
Switzerland,,,,,,,,,,,,,,,,,,,,,,,,,,,66.34787565,67.3319008,68.73780329,69.67094167,68.94127378,69.46493852,68.54046777,69.76798718,70.7366467,71.42287668,71.28396246,51.68036985,51.65321814,53.71071208,53.55696562,56.85590457,51.93462012,49.62067997,51.74761632,49.13782869,49.48237183,49.25722568,48.91425022,35.64020138,34.67736653,35.72750395,32.96935612,32.53604684,31.71657601,30.26284758,30.67507431,59.43595521,58.69784886,
Channel Islands,,,,,,,,,,,,,,,,,,,,,,,,,,,,,,,,,,,,,,,,,,,,,,,,,,,,,,,,,,,,
Chile,,,,40.11976048,39.28571429,39.17525773,38.5840708,39.46666667,52.02646816,55.46218487,58.71198569,57.3403373,48.10839345,41.27749847,58.38153718,54.8824343,51.03438368,45.12954625,44.19910625,50.44248785,52.36688049,51.95206386,51.43012763,55.50076036,55.78732785,57.88449813,55.28975594,55.69824812,56.09903768,56.49273983,53.66589717,50.28173195,49.45282578,48.91442671,49.27770541,,,,,,,,,,,,,,,,,,,42.62663269,43.18220277,56.96805736,51.95832901,37.26980898,55.55457963,
China,,,,,,,,,,,,,,,,,,,,,41.79020115,40.73475267,41.35893444,42.59045589,42.94971572,44.97354497,45.36922776,44.37683843,43.43526325,43.48635383,42.01180417,42.81959379,43.75175253,48.12126699,46.50553627,47.78859685,46.1420135,45.61801802,45.6868461,46.42018431,48.28103101,48.4457346,47.92802496,38.39629602,40.3077731,40.80704312,41.94684807,42.93868159,42.93868159,42.93868159,42.93868159,42.84468278,42.84468278,42.84468278,42.84468278,42.84468278,42.84468278,42.84468278,42.84468278,
Cote d'Ivoire,,,,,,32.38724533,46.60120846,46.3571206,42.97812675,44.90033981,41.7336286,38.96582896,38.80338924,42.2574572,37.07593592,41.22787315,38.69911295,39.30521153,39.97910193,37.10364322,35.58425237,36.47501356,33.11016514,,,,38.2892057,42.29249012,40.07561437,-37.14285714,,,,,43.34119845,37.89854611,35.5610778,34.0536532,,,,,,,,,,,,,,,,,,,,,,
Cameroon,,,,,,,,,,,27.37479556,23.15087166,21.32413116,,22.9420822,21.32581649,22.31676317,22.82039543,23.42593003,22.64291017,29.22117045,34.8495747,33.97366277,34.91342167,35.0508175,,,,,46.96286612,47.08103372,42.40346461,35.42405657,43.5115108,57.72493395,48.05397864,42.48341958,47.93346774,48.64547746,32.26148042,43.18104075,50.71446153,47.03529974,,,,,,,,,,,,,,,,,
"Congo, Dem. Rep.",,,,,,,,,25.77777778,30.20532319,29.39210103,36.39737721,39.01600474,43.70139969,40.58117151,34.93437587,38.95025017,35.29520466,,,,44.49519395,50.95128997,50.21783994,39.56992241,43.34641164,34.90135453,39.35251799,34.89732521,,,,,,,,,,,,13.93180306,16.70527364,20.11351253,18.29738562,20.98282911,22.49766355,28.6449827,28.7108508,23.74268877,21.24437044,,,,,,,,,,
"Congo, Rep.",,,,,,,,,25.77777778,30.20532319,29.39210103,36.39737721,39.01600474,43.70139969,40.58117151,34.93437587,38.95025017,35.29520466,,,,44.49519395,50.95128997,50.21783994,39.56992241,43.34641164,34.90135453,39.35251799,34.89732521,,,,,,,,,,,,13.93180306,16.70527364,20.11351253,18.29738562,20.98282911,22.49766355,28.6449827,28.7108508,23.74268877,21.24437044,,,,,,,,,,
Colombia,,,,32.49315693,31.08603109,30.1457976,32.30379747,30.60084443,32.07402959,32.68947756,31.84093437,30.867571,31.51460864,31.99077928,33.00725371,32.76390875,33.75430645,36.62192288,34.59091518,33.3524235,38.56357262,38.0116804,35.03776784,34.62700852,35.01346773,32.27451834,32.19262561,34.36208281,35.07795402,34.7661503,34.21802157,33.78836216,35.70028283,34.99195394,35.97093885,37.02994357,37.55992501,37.12510301,36.045716,36.80259118,39.01753027,39.14474471,39.46262971,42.33435239,44.75894967,45.10784531,46.70225192,47.87516288,44.82143793,42.46421829,34.27831903,44.15403112,43.61313535,43.9965735,42.52170711,40.46228209,36.07275949,35.19709928,35.19709928,
Comoros,,,,,,,,,,,,,,,,,,,,,,,,,,,,,,,,,,,,,,,,,,,,,,,,,,,,,,,,,,,,
Cabo Verde,,,,,,,,,,,,,,,,,,,,,,,,,,,,,,,,,,,,,,,,,,,,,,,,,,,,,,,,,,,,
Costa Rica,,,,22.5343474,23.39651097,24.95054104,25.55945464,26.95699362,28.85249764,29.42167913,29.20196166,29.38551048,29.97339852,29.64395404,30.91101436,30.78774475,30.69987355,29.06353089,28.87695215,29.64258716,31.49656439,30.40614266,31.10953149,29.10099023,31.16909442,30.46394008,31.83982851,34.91109191,34.24800406,33.63975858,33.13001159,36.75314126,35.48232274,34.52357173,35.42988599,34.71002377,33.41911153,32.95079438,32.23171905,31.82102557,33.44433742,35.50869842,38.06683998,36.88189049,37.81536626,39.31799453,42.45686898,43.55182034,42.75610875,37.44522225,39.91966513,39.51715246,39.35964169,38.64506779,40.12364541,41.36047015,43.56056377,44.61100585,44.61100585,
Caribbean small states,,,,,,,,,,,,,,,,,,,,,,,,,,,,,,,,,,,,,,,,,,,,,,,,,,,,,,,,,,,,
Cuba,,,,,,,,,,,,,,,,,17.01110978,17.65731544,18.46180922,17.29656496,18.39007501,16.77782854,15.04946093,16.74706735,15.59311816,14.66346154,15.73200074,14.14528407,12.96871665,13.13415602,,,,,,,,,,,,,,,,,,,,,,,,,,,,,,
Curacao,,,,,,,,,,,,,,,,,,,,,,,,,,,,,,,,,,,,,,,,,,,,,,,,,,,,,,,,,,,,
Cayman Islands,,,,,,,,,,,,,,,,,,,,,,,,,,,,,,,,,,,,,,,,,,,,,,,,,,,,,,,,,,,,
Cyprus,,,,32.96683825,30.42991492,29.75313264,30.71561672,33.38740079,35.40760259,35.61724566,36.57592172,36.40535911,42.33099689,43.42245584,39.86186464,41.06596956,40.4917162,39.61535655,41.40283655,43.2564998,39.6236551,39.52459694,39.45122695,38.1032202,36.99210215,40.08056609,40.79493552,39.45396478,39.2880152,40.19102729,40.7344171,41.22261237,40.23395289,41.58282064,41.76109319,43.36127033,44.3684432,43.93248394,43.79899961,45.76124632,46.24697698,45.51008989,46.09768147,47.26910487,47.77518817,53.93702019,59.37691824,61.72674089,53.53539637,49.55015809,46.05815683,45.88653605,42.20479823,35.86353359,35.32221319,34.06654543,35.19579781,35.4346792,35.43467917,
Czech Republic,,,,,,,,,,,,,,,,,,,,,,,,,,,,,,,,,,,,,51.07693504,,,,51.42746325,,,,53.09661762,,,51.04283394,53.72882035,51.86784824,50.59296982,50.78843368,49.92800898,49.67161475,,,,,,
Germany,,,,,,,,,,,,,,,,,,,,,,,,,,,,,,,,,,,,,,,44.40559253,47.97654602,47.12405258,45.46305456,44.83634791,44.03218022,44.68723659,44.59526992,45.09973584,43.82112091,43.06634284,40.67369168,39.51484264,39.0129659,38.70889384,38.46573614,37.53470891,36.72842911,36.25689191,36.49431802,36.49431923,
Djibouti,,,,,,,,,,,,,,,,,,,,,,,,,,,,,,,,,,,,,,,,,,,,,,,,,,,,,,,,,,,,
Dominica,,,,,,,,,,,,,,,,,,,,,,,,,,,,,,,,,,,,,,,,,,,,,,,,,,,,,,,,,,,,
Denmark,,,,43.50479512,44.21455939,46.45183408,44.67821782,44.79166667,44.39178515,45.35568645,46.48979592,45.39196941,45.23169913,44.50669157,44.03694648,41.47296944,41.71696848,40.76230492,42.33475282,43.08199967,42.45098039,40.26585433,40.44072387,39.85859479,41.72526493,42.61332852,44.42463738,44.96222683,44.39070082,44.46531394,44.26435756,42.86528583,40.71533516,40.72171021,41.30957786,45.95404717,46.76510901,45.04252864,46.43670262,47.00894951,48.48406055,47.74295212,47.80214324,46.80245621,47.28770199,47.89147852,49.85457162,50.81789339,79.20611881,37.27990273,35.17564802,35.02665702,35.0421509,34.44225831,33.97288901,34.55049638,33.52452938,33.19589994,33.19545541,
Dominican Republic,,,,12.05487449,14.24296165,14.7147673,14.5593246,16.03909465,16.47299557,15.38291962,14.17610388,15.87721742,17.516416,20.68440952,18.73207336,15.12151607,14.71910168,17.13747602,17.81183779,19.57321878,21.64220071,21.31048993,25.04352671,26.74771228,27.72862297,,,,,,,,,,,,,,,,,,,,,,,,,,,,,,,,,,,
Algeria,,,,,,,,29.64946446,31.40218304,34.73722102,37.90849673,35.41967119,37.74376697,35.81745866,42.31865001,42.86561265,46.13511869,46.82296523,46.0488291,45.59065482,46.03390315,45.38588049,45.66374536,50.49159814,56.96535643,56.58902897,57.67285418,55.81812977,56.62608371,53.50605892,60.04661162,64.82679702,62.28497993,56.75767711,50.65019607,43.18858176,47.70264335,,,,,,,,,,,39.47718636,40.44899951,40.03839048,44.27785758,93.39945495,92.68476148,91.95731472,90.80108418,86.10186491,86.10186491,86.10186491,,
East Asia & Pacific (excluding high income),,,,,,,,,,,,,,,,,,,,,,,,,,,,,,,,,,,,,,,,,,,,,,,,,,,,,,,,,,,,
Early-demographic dividend,,,,,,,,,,,,,,,,,,,,,,,,,,,,,,,,,,,,,,,,,,,,,,,,,,,,,,,,,,,,
East Asia & Pacific,,,,,,,,,,,,,,,,,,,,,,,,,,,,,,,,,,,,,,,,,,,,,,,,,,,,,,,,,,,,
Europe & Central Asia (excluding high income),,,,,,,,,,,,,,,,,,,,,,,,,,,,,,,,,,,,,,,,,,,,,,,,,,,,,,,,,,,,
Europe & Central Asia,,,,,,,,,,,,,,,,,,,,,,,,,,,,,,,,,,,,,,,,,,,,,,,,,,,,,,,,,,,,
Ecuador,,,,25.84349381,29.49378806,31.70127024,32.46445019,31.44592975,34.48538466,38.96564192,34.27786179,35.47169811,35.54435351,37.1659919,35.17825704,37.62156957,38.47824611,40.82388958,48.44720497,42.87327761,42.22677341,41.60277095,42.44782675,38.69839808,45.20804099,45.43952924,44.56191716,43.86887993,41.91465988,39.03477196,58.68579794,55.96938644,63.69779181,58.36528384,48.39053967,59.46311003,57.74885498,42.03560714,69.46865153,49.91040196,63.54079984,58.6514305,52.55486394,62.58152174,59.41344286,58.12023056,60.50986014,51.09025188,53.83416494,53.83416493,45.26469851,38.68182432,63.12942126,62.315635,60.11338779,51.28239852,38.3530501,30.99770893,35.2445974,
"Egypt, Arab Rep.",,,,,26.18316214,26.5593475,28.38002916,28.49000712,29.7274886,28.6331192,30.67456248,31.4378554,33.82163968,32.924547,28.31089143,32.03138325,32.78544174,29.20942822,31.15261583,32.78993532,34.77264043,35.91401325,28.44692737,36.34943547,38.82530995,42.29715722,37.66237287,44.73796159,39.46639856,44.96480622,45.61295271,53.1195467,60.41294746,53.81479928,46.91738516,51.62079306,46.14056303,41.03028648,35.11261926,35.1297227,35.16722375,44.18646121,41.23335757,41.78123029,39.5175975,43.14681094,42.99046667,42.99046667,42.99046667,59.64751985,59.96613466,63.54518544,67.35693362,70.83583267,71.03356687,64.75040427,64.151562,62.35268503,62.35268503,
Euro area,,,,,,,,,,,,,,,,,,,,,,,,,,,,,,,,,,,,,,,,,,,,,,,,,,,,,,,,,,,,
Eritrea,,,,,,,,,,,,,,,,,,,,,,,,,,,,,,,,,9.094911413,16.48600142,12.82362242,12.91911595,15.01264214,27.35419446,31.18668343,22.22878756,20.98450453,26.14407818,29.76231752,31.14617469,31.67663164,35.46248098,34.39032489,58.7494046,56.36901644,32.71620025,26.98681275,42.60408169,31.37045366,18.93563799,19.88398239,18.59548735,21.34081667,20.75007186,20.7501062,
Spain,,,,44.61266084,44.94720567,46.37678064,47.59785481,47.90169656,49.52556828,48.90418005,50.0229941,50.24427786,51.13747857,52.05317011,53.11228219,49.4862953,49.29401143,50.99831596,48.96873911,48.30978105,47.88294683,48.73024451,47.35197647,47.69036303,47.58730957,45.83438499,46.51263652,44.24186277,44.59400649,44.82886579,45.54052004,44.6826069,44.15358475,44.41082049,44.39874315,46.6481364,46.08664167,46.77426797,47.44756254,48.51588875,50.71290256,50.49235916,52.00480553,51.67531977,53.03030024,54.21220211,55.11881951,54.27873192,52.24516715,45.21466039,44.67760702,43.27513783,41.79497191,40.2422561,38.83146818,40.69166475,40.90483338,41.35232752,41.35227575,
Estonia,,,,,,,,,,,,,,,,,,,,,,,,,,,,,,,,,54.05166429,53.32215514,54.22634122,53.89198735,69.52033656,51.16987686,51.16987692,51.16987724,52.85414402,57.536741,60.03005348,60.02036566,61.48786587,61.68563227,65.0473532,65.69995254,54.90388155,53.97173424,57.11185618,57.25985185,58.66429341,58.57948289,56.51631325,57.58279438,59.35230173,59.46590654,59.46724996,
Ethiopia,,,,,,,,,,,,,,,,,,,,,,,,,,,,,,,13.99622557,14.21579502,17.15239131,17.84877488,23.26991922,23.35725995,23.31346295,25.46899089,24.23736425,22.1998588,22.39411219,24.22283919,27.79533376,30.01966217,31.36597752,35.27869984,37.79077111,39.96801457,38.88638547,37.17905967,32.39209215,19.42780591,44.89680588,34.86686887,37.28293805,37.28293805,,,,
European Union,,,,,,,,,,,,,,,,,,,,,,,,,,,,,,,,,,,,,,,,,,,,,,,,,,,,,,,,,,,,
Fragile and conflict affected situations,,,,,,,,,,,,,,,,,,,,,,,,,,,,,,,,,,,,,,,,,,,,,,,,,,,,,,,,,,,,
Finland,,,,51.63403857,52.3166524,52.49986197,51.98019268,51.27819751,53.63186278,55.60123656,55.29099211,53.45971522,52.66064259,56.61635869,57.50795574,51.68202629,49.80505422,52.71341001,54.45440797,58.28970775,57.99998533,55.78263232,54.33853094,56.77138644,56.95946238,55.48867485,55.57996003,56.25259667,58.36824725,60.7423904,58.44979029,55.08827155,54.56580493,55.55020835,56.81630644,57.81880198,54.75596708,55.50689492,54.27834587,53.07184795,53.95375339,50.70684854,51.92075586,50.20100913,53.02066795,52.32563584,54.12945927,49.8065956,50.16201964,49.54454578,49.28523161,56.87013335,59.05104428,56.91876681,48.80600606,54.89656044,49.23810213,49.56104945,49.55322995,
Fiji,,,,,,,,,19.2105682,,31.54677437,36.26967075,38.28816743,32.26464488,24.32892497,22.23396284,28.47326823,25.36930694,29.12622818,26.95659649,25.91494767,28.64003634,26.39566288,39.57721255,31.52146797,34.41063726,25.43436116,19.91107725,22.84434093,26.40064097,28.99734279,28.86484374,29.19802972,32.63231563,30.61219275,,,,,,18.75968235,17.09005262,28.33348424,29.69476238,31.25013003,31.74533563,30.67426359,31.21113388,31.14206853,33.1077396,33.53484552,31.76516326,30.56717163,29.66232698,30.38440084,31.60787949,33.96503142,33.964371,33.96437098,
France,,,,52.28309746,52.07424297,52.21918789,51.9437314,51.85509657,51.56978654,51.29202013,51.2299615,50.65694449,50.75062941,51.20674065,51.5949996,49.65445184,48.63750423,48.86650388,49.35903943,50.48511248,49.80164144,48.91930539,48.28706906,48.91373187,48.98936981,49.71653323,50.76126228,50.64922589,50.8697075,50.55944967,47.87251015,47.54592338,46.78236082,47.85658039,47.33995606,47.56191906,45.29349997,44.69765001,44.11830843,44.28953434,44.69637595,43.99781085,44.06588953,43.49909384,44.96911489,45.44917061,45.22317977,44.60252225,44.39676533,37.54488725,37.30283505,37.08500095,35.17655046,35.82200567,33.04027555,32.8280389,32.72351607,32.64540511,32.79121876,
Faroe Islands,,,,,,,,,,,,,,,,,,,,,,,,,,,,,,,,,,,,,,,,,,,,,,,,,,,,,,,,,,,,
"Micronesia, Fed. Sts.",,,,,,,,,,,,,,,,,,,,,,,,,,,,,,,,,,,,,,,,,,,,,,,,,,,,,,,,,,,,
Gabon,,,,,,,59.05413815,,,,46.38711206,,46.88221709,54.70902446,58.28659476,61.03333873,60.4336742,63.5798823,61.92762559,,61.62702108,59.21558262,61.16905834,,,,,,,,,46.42514356,41.76930905,45.93067668,47.58711954,48.29122474,,,,,,,,,,,,,,,,,,,,,,,,
United Kingdom,,,,44.17744917,,,,,45.06213211,45.57722031,45.95469256,45.8123108,45.73643411,46.29281144,46.83812405,46.62875711,46.30963096,45.75304758,46.68632894,47.039325,46.86923186,46.23566791,46.26180483,46.48314334,46.70779585,46.21480709,46.47762951,46.65429152,47.69877797,46.98410394,46.74651537,46.09209726,45.80688998,43.8481039,44.70007237,45.66672083,44.53226554,45.30061794,46.19196215,46.10108577,47.15990276,48.02829622,47.01623655,47.35789227,47.64027912,47.48110569,46.91099547,47.68153924,45.83624468,36.05695296,34.85610394,35.63065851,37.01693559,34.89404001,35.24958405,37.21630145,37.22827755,37.22827731,37.22827731,
Georgia,,,,,,,,,,,,,,,,,,,,,,,,,,,,,,,,,,,,,,,,,42.78046683,43.26881342,52.33413747,48.27675512,30.87333703,39.82391897,42.522356,50.17363608,59.40783845,42.22390483,47.83065166,43.39141223,44.6992016,35.02478179,33.09452002,42.62781384,39.17844018,41.61223558,41.51424966,
Ghana,,,,43.22344322,44.85733245,42.13531259,39.7148442,35.43674546,30.14935742,35.23297491,42.58087379,40.67193676,40.62256231,37.9260854,37.70476122,45.20912821,40.5934966,45.44936503,42.47153736,45.75843776,46.26642034,41.63595546,40.39111416,35.19234577,23.84852099,40.11625989,48.05304699,47.13891046,,,,,,47.89961332,94.62492813,94.62492682,94.62492827,94.62492782,94.62492804,95.44145073,95.44145063,95.44145071,95.44145056,60.4813285,93.10523987,93.10552614,93.10580251,93.10591668,93.16755643,92.98743879,92.98743881,92.98743881,92.9874388,51.90827796,51.90827796,51.90827796,,,,
Gibraltar,,,,,,,,,,,,,,,,,,,,,,,,,,,,,,,,,,,,,,,,,,,,,,,,,,,,,,,,,,,,
Guinea,,,,,,,,,,,,,,,,,,,,,,,,,,,,,,,,,,,,,,,,,,,,,,,,,,,,,,,,,,,,
"Gambia, The",,,,,,,,,,,,,,,,2.91721917,7.117670106,8.9366739,11.94831777,46.50565262,59.59098752,52.15646004,34.98589877,,,,,,,,,,,,,17.07336415,,,,,,,,,41.10668521,,,,,,,,,,,,,,,
Guinea-Bissau,,,,,,,,,,,,,,,,,,,,,,,,,,,,,,,,,,,,,,,,,,,,,,,,,,,,,,,,,,,,
Equatorial Guinea,,,,,,,,,,,,,,,,,,,,,,,,,,,,,,,,,,,,,,,,,,,,,,,,,,,,,,,,,,,,
Greece,,,,38.72205861,39.71835592,38.83310097,39.92829617,42.47527279,41.68551318,44.46609509,46.20949202,44.0572886,42.76744235,46.36304942,44.66210064,40.72953724,39.67993235,41.22014281,41.01651632,41.3344164,41.78719507,41.05510898,40.55684331,41.26257316,40.79863496,39.23801237,39.54190076,38.37333417,41.52499261,42.10534861,41.13429559,40.98585492,40.36790276,36.55426061,36.05321107,40.04009015,39.61736923,43.70549456,42.53308033,41.40468458,41.4046846,47.98619355,47.98619353,50.13260087,52.19529846,54.83742073,53.57117979,53.84693148,49.59128103,46.93867574,54.2946603,49.86902831,46.29721648,43.11110514,40.55822582,46.79234729,46.51965861,46.73905662,46.73905535,
Grenada,,,,,,,,,,,,,,,,,,,,,,,,,,,,,,,,,,,,,,,,,,,,,,,,,,,,,,,,,,,,
Greenland,,,,,,,,,,,,,,,,,,,,,,,,,,,,,,,,,,,,,,,,,,,,,,,,,,,,,,,,,,,,
Guatemala,,,,,,,,,30.90612926,,,29.99820128,32.68679142,30.24896235,31.34626104,27.46396475,29.98797382,32.8813095,31.16101571,32.62857221,31.63792018,32.00442968,32.60919747,30.77660849,30.3562281,29.80995472,30.09023083,30.034137,31.81246253,,,,,,,,,,,,,,,,,,,,,,,,,,,,,,,
Guam,,,,,,,,,,,,,,,,,,,,,,,,,,,,,,,,,,,,,,,,,,,,,,,,,,,,,,,,,,,,
Guyana,,,,,,,,,,,,,,,,,,,,,,,,,,,,,,,,,,,,,,,,,,,,,,,,,,,,,,,,,,,,
High income,,,,,,,,,,,,,,,,,,,,,,,,,,,,,,,,,,,,,,,,,,,,,,,,,,,,,,,,,,,,
"Hong Kong SAR, China",,,,,,,,,,,,,,40.46146747,42.03968178,40.09518608,40.24418337,44.17065691,45.57424397,47.31992778,47.28934621,50.51583466,48.40568149,47.58891713,47.17762332,45.78961738,46.01490285,46.73292313,46.80697178,45.51090045,42.26954586,41.46453904,41.38713369,44.46433519,45.05425572,47.0226401,47.52966791,50.01678624,48.60054482,54.12288838,57.53587659,58.80383626,55.67616125,51.36164296,41.16689862,22.72524863,20.75959872,24.89671176,24.20367081,23.74801581,23.18583565,30.16357004,30.84042947,30.25461525,28.22995725,27.60463852,26.43647235,25.62880822,25.63310329,
Honduras,,,,18.56352144,23.77388992,26.13126456,26.0653016,,31.3278965,30.14667944,28.3630363,29.68075146,28.08617991,32.29418972,28.22846312,29.89286447,,,,,,34.96658736,35.20528911,36.76863597,37.39157212,37.44076828,36.68423837,37.60618292,36.11035138,37.5282665,37.31828291,33.17498783,32.2479964,31.07018066,31.03831778,29.85467969,29.61968995,,,,,,,,,,,,,,,,,,,,,,,
Heavily indebted poor countries (HIPC),,,,,,,,,,,,,,,,,,,,,,,,,,,,,,,,,,,,,,,,,,,,,,,,,,,,,,,,,,,,
Croatia,,,,,,,,,,,,,,,,,,,,,,,,,,,43.65744059,43.65616186,42.2029769,39.44492019,43.25309036,29.93876794,39.27795553,39.27795364,39.27795363,39.27795363,39.27795363,60.23542574,60.23542574,60.23542573,60.23542573,60.23542574,60.23542574,66.99641082,66.99641082,68.45132999,68.45132999,68.45132999,46.83112838,41.86344639,36.96474923,37.90072546,40.49854755,41.79736986,43.15927845,44.22778523,50.11130946,51.2504019,51.2504019,
Haiti,,,,,,,,,,,,,,,,,,,,,,,,,,,,,,,,,,,,,,,,,,,,,,,,,,,,,,,,,,,,
Hungary,,,,46.23563218,46.63600526,45.22275147,45.44623024,46.09802522,48.0791136,47.64503918,48.54758466,48.54468334,47.4222721,47.48963884,50.08691072,49.59611501,48.20576358,48.95890548,50.74016636,51.01299367,49.50567177,47.2027972,47.12990937,46.97923644,48.0748384,49.18423601,48.8454261,51.16565986,50.40194884,51.34073157,48.85042611,47.40848479,48.51529629,48.83712072,47.28341154,47.26840946,48.0961262,46.22777349,40.44553819,41.9279404,43.05663471,40.42601671,43.51327525,42.08767286,44.33205164,45.1015521,44.21465137,45.82716761,47.16246408,36.03837369,36.16415722,34.93364836,35.75289737,34.77966192,33.8534292,33.04834206,35.86350038,35.32387484,35.3233398,
IBRD only,,,,,,,,,,,,,,,,,,,,,,,,,,,,,,,,,,,,,,,,,,,,,,,,,,,,,,,,,,,,
IDA & IBRD total,,,,,,,,,,,,,,,,,,,,,,,,,,,,,,,,,,,,,,,,,,,,,,,,,,,,,,,,,,,,
IDA total,,,,,,,,,,,,,,,,,,,,,,,,,,,,,,,,,,,,,,,,,,,,,,,,,,,,,,,,,,,,
IDA blend,,,,,,,,,,,,,,,,,,,,,,,,,,,,,,,,,,,,,,,,,,,,,,,,,,,,,,,,,,,,
Indonesia,,,,,,,,,,,13.33723058,14.60906119,17.03902748,16.92072921,19.84740877,23.60520417,25.97739485,29.42301974,32.66145965,32.85589379,35.12941176,31.81038905,33.62268589,36.87558097,37.86293189,42.242731,40.78729254,43.82790412,45.1739768,44.37208212,40.12509023,39.42950984,39.88126955,37.18453166,36.69121603,40.72356972,44.55110164,44.55110164,33.28018714,35.32221358,34.50771121,41.58563978,39.99455031,32.24364139,34.49788502,32.37262073,32.09643685,31.4330909,32.10924528,30.71506479,29.30723936,29.75761048,29.17510996,29.30906388,31.28032338,30.6400783,30.64006758,30.64006758,,
IDA only,,,,,,,,,,,,,,,,,,,,,,,,,,,,,,,,,,,,,,,,,,,,,,,,,,,,,,,,,,,,
Isle of Man,,,,,,,,,,,,,,,,,,,,,,,,,,,,,,,,,,,,,,,,,,,,,,,,,,,,,,,,,,,,
India,,,,37.13338434,36.55121592,35.94095083,37.4247949,37.21657201,36.82001548,36.88296718,38.6078253,35.71498901,36.38092687,37.33270114,37.33913885,39.6204107,39.48324253,37.94331668,35.73435536,36.4291178,38.54847958,40.12750999,41.55521863,38.63792891,40.26425396,40.68546791,39.39087233,42.5486279,44.46574517,40.2605103,41.73878997,39.90073421,40.55061378,39.55531436,40.17220774,40.46240219,38.43784965,40.87540014,36.5758334,37.06916097,37.52290686,38.59039085,42.43239138,45.06758612,48.71546213,47.01917652,49.61183303,54.29940492,49.48151673,47.61809171,47.74536217,46.16238515,45.60021846,46.98321498,46.61638369,42.22248969,43.4157141,43.41571541,43.41571541,
Not classified,,,,,,,,,,,,,,,,,,,,,,,,,,,,,,,,,,,,,,,,,,,,,,,,,,,,,,,,,,,,
Ireland,,,,32.22232777,33.94601635,35.03050377,34.07718126,34.05742851,34.58663845,35.10170599,35.42830867,35.8200337,37.14541388,35.45364692,35.62268442,34.19684023,34.26390255,35.53561317,33.73400399,36.52524244,37.45668312,36.06646949,35.69246027,34.77258294,35.19382531,34.21396923,33.52310042,33.92181723,35.46045636,36.19246515,35.79265322,31.88824884,31.26371383,31.12099205,31.6875429,29.23697388,31.20304434,29.71217091,27.60370686,26.84012983,29.2803131,29.18173202,26.43239132,29.00517423,32.30997756,32.37878678,33.41671594,32.53113213,33.85381474,20.55375546,20.67472323,20.87950894,20.17089249,20.95902698,21.40310751,90.63562505,90.85912857,92.37586682,92.37586682,
"Iran, Islamic Rep.",,,,24.02644276,24.61934416,24.86593063,25.74931313,29.46253285,30.20650807,30.8294142,32.39666824,32.17193948,34.43975532,40.1676942,45.56542029,44.74868717,45.58149112,49.36805822,49.36805822,54.87095499,53.75140559,41.56048226,40.45561869,41.19129439,43.1280976,43.20201641,42.48839814,43.96275687,40.65006075,40.51898173,44.47527141,45.52205221,55.52379351,50.43853908,45.24145305,41.36905059,45.27167096,45.52329169,48.99823763,50.34394596,45.45373536,44.01889838,45.44941978,47.01871804,49.83107293,49.6546624,48.30670794,51.03145031,52.08615719,45.95079801,45.92211819,46.66811672,48.71331535,49.68837349,43.88363902,41.92992874,43.11067966,43.11067963,43.11067962,
Iraq,,,,45.47325103,49.62377002,53.75188853,44.14987628,43.6812096,45.31132104,49.7018005,50.36790325,37.78998384,35.22094926,39.35941731,37.70957154,35.38383325,39.69920545,43.8439138,,,,,,,48.6512339,51.77445174,54.89171619,48.01443357,,,,50.54525024,64.72160302,,37.52359512,36.25343503,38.72299324,29.32263004,,,,,,,,,76.42864464,71.71340745,82.9335781,74.94339568,74.22166288,76.63659748,83.8966132,72.39555904,75.25718281,76.88835961,72.84918081,64.51108003,64.53224384,
Iceland,,,,,,,,,28.03724478,28.31025514,33.81812746,33.76827308,32.16964681,35.47426669,36.47945288,34.75065145,35.17825107,34.70874374,33.90599629,36.675375,46.12041211,42.16848386,45.91061332,47.7581952,47.20560527,42.57585195,40.60688756,43.66955348,50.06505493,50.57289251,41.80892366,39.15237497,38.39976902,37.94644486,38.89278435,40.75336905,43.58618819,40.67222932,42.7109505,43.47390516,49.21423421,43.35531019,47.64041131,45.55047148,48.45752298,52.6188507,52.93901154,52.92113321,52.92696926,52.92908598,52.91144663,40.0463113,40.0463113,40.0463113,40.0463113,38.45401765,36.98880416,47.66855022,44.40421382,
Israel,,,,47.03196347,47.39528166,46.64710813,46.03804797,46.50118203,49.3903168,50.86250634,49.19093851,50.84071596,51.10313128,52.41353785,53.1266301,53.13182811,50.92186854,53.67749449,54.65133442,54.94072844,54.89865881,55.83145895,58.48294495,59.98635123,58.52087953,60.25748885,56.65506044,57.97582833,58.78475468,58.78475468,58.37388089,59.84173692,58.38249286,59.39266946,59.48089191,47.85956965,46.63202079,46.57479185,45.74703192,45.11761509,41.27318488,48.78220746,49.66057305,48.85072008,46.32775327,45.6534921,43.90765197,44.45110978,41.13997388,38.75694174,39.54349286,50.39073061,45.75925258,46.81376811,45.21687887,48.62637366,47.62716051,47.62760665,47.62760665,
Italy,,,,,,,,44.84726076,45.3461008,45.7076667,46.50803103,46.20327577,46.8705619,47.28824428,48.57380574,46.92756143,46.43089471,46.91674836,46.77852143,47.38630959,47.96096705,47.21565184,48.99106604,46.62636242,44.92773718,44.11027281,44.82866558,44.74394084,46.26071379,46.66959572,47.76794485,47.78468135,43.04557304,42.6274625,42.93180561,45.28310549,45.78110633,46.36425112,47.17178151,47.51281422,48.45436056,48.23212091,48.89877017,49.34627575,49.93138529,50.26632202,51.02045639,50.98473973,50.18650258,44.14995604,42.79133166,42.85539867,42.15302333,41.10809104,40.62768879,40.90293655,40.98661064,40.41963131,40.4196533,
Jamaica,,,,22.62340722,23.20910533,25.58341911,25.90291428,27.32679739,28.38750331,31.31588739,30.99510604,30.45357516,31.7989973,33.18992867,28.61415392,29.32822362,29.04674423,26.61275501,27.11411506,24.61184589,23.91105298,25.0203749,27.00506644,28.59595261,28.46049611,,24.85492761,25.67534207,26.5306438,28.36818303,24.66324618,25.09666808,26.40468608,25.85085851,25.77396066,45.07296347,26.86707269,,,,,,,,,,,,,,,,,,,,,,,
Jordan,,,,48.9509741,49.11778291,51.98221834,51.41839204,47.83050847,57.13622291,58.59585395,54.27449724,57.29868159,,,55.98689436,51.62144256,49.35562132,47.61843954,46.62735168,61.48818201,62.48263085,62.99604562,60.55063258,57.24340422,56.64149491,57.50795649,60.09741677,61.21415302,61.68207308,47.1524272,48.91342555,47.12359735,50.41605708,50.53320904,45.44077798,44.54938146,44.95032688,45.54326559,42.2147775,43.29345611,42.94098293,44.50726706,43.90189045,44.27006968,44.43548589,46.16938131,47.35278074,48.03095576,47.21633121,46.39687419,37.41193126,37.87239035,38.09078147,37.72890839,39.69830412,40.53582687,43.87570253,44.47016987,44.47016986,
Japan,,,,49.51728216,50.61711597,49.82913088,50.64961859,51.07836869,50.39684158,51.62966412,51.74317623,50.77202091,52.00309309,53.15817625,53.70791566,50.83702611,51.57584103,51.73002817,52.71109478,53.9513219,54.42802385,53.54161593,53.12828639,52.65464507,53.34162696,52.51882641,52.3226581,52.49012248,52.87564514,52.49754735,51.97410201,52.51039615,51.89011699,52.14880727,43.85839952,43.00003414,42.55650949,42.42644236,41.94702935,41.3086019,41.2274971,41.33687095,38.4444855,38.14902311,38.53156775,38.93515477,38.72677072,38.12701949,37.26331216,36.41086155,36.25018084,30.8331695,35.77503672,35.77332581,35.5000571,28.54788195,28.65551695,28.65551695,28.65551695,
Kazakhstan,,,,,,,,,,,,,,,,,,,,,,,,,,,,,,,,,,,,,,,,,,,,,,,,,,65.9374363,66.32248282,67.57169086,65.99346967,60.37755804,58.63405908,61.10686518,63.37608749,62.95043929,62.95044552,
Kenya,,,,34.69984679,34.1698608,36.50395096,38.50767583,38.2232689,37.59734344,38.09215925,39.38733658,39.57685827,38.39296647,41.46002177,41.28527769,38.40877715,34.09804251,36.85225935,35.64364939,36.8035286,35.61243884,37.73973815,35.15897426,35.13235912,31.8927913,32.45197679,32.28114148,33.10833255,35.41908933,35.70735036,37.92416513,37.81770517,36.21745789,35.47745358,34.67005076,33.10013118,30.52410901,34.59292339,34.49310138,49.50059401,55.46470289,54.46946691,54.8408426,53.24275178,55.34030015,58.72168638,56.12279927,56.36545938,59.20262569,44.19705602,36.95029954,38.72004422,35.43194888,34.29323764,33.46183443,32.14534674,30.40448861,30.04771634,28.96356235,
Kyrgyz Republic,,,,,,,,,,,,,,,,,,,,,,,,,,,,,,,,,,,,,,60.8966306,60.46321182,60.49537666,60.46321174,60.46321173,61.8956953,80.70686729,79.85625862,77.39377752,59.76283711,62.14172259,70.01117553,71.55857064,79.62553252,78.59427976,67.36162337,67.4897429,78.8811754,80.90196934,80.90196937,,,
Cambodia,,,,,,,,,,,,,,,,,,,,,,,,,,,,,,,,,,43.09939748,,57.31541257,,,,,6.646581456,,,,,,,,,,,,,,,,,,,
Kiribati,,,,,,,,,,,,,,,,,,,,,,,,,,,,,,,,,,,,,,,,,,,,,,,,,,,,,,,,,,,,
St. Kitts and Nevis,,,,,,,,,,,,,,,,,,,,,,,,,,,,,,,,,,,,,,,,,,,,,,,,,,,,,,,,,,,,
"Korea, Rep.",,,,33.06188925,38.08038172,37.75784753,39.03846154,35.99170903,37.82072642,37.85950024,39.51450995,41.65697674,40.05337485,44.88759971,44.9296855,42.87780711,41.02721406,40.73326306,41.81405397,45.16166973,44.25234039,44.694158,44.55929293,45.75793803,47.15421433,47.07633616,48.65914482,49.10274108,50.44556871,50.71796774,36.13281526,37.01619719,37.49036679,37.20593791,36.63184533,36.00524306,35.87557974,35.73124669,35.82749119,34.34658624,32.90479294,33.52218947,32.91169018,33.25163495,33.88512708,35.49024435,34.74410522,32.72078334,34.72015559,31.96381615,32.44675314,31.12376328,31.64116945,30.76244424,31.08632504,30.84951605,31.51312983,31.24257887,31.24257672,
Kuwait,,,,,,,,90.42094282,88.11996796,84.26095048,86.12128039,86.58508951,69.11682624,59.61089679,78.65299766,70.46713529,78.76980259,73.91532247,75.59546379,79.90635973,77.45827767,74.51899952,70.8560436,76.17647059,64.58198315,74.0605428,81.21034651,84.01162791,82.17956656,87.63299497,89.04531083,69.51188347,77.65374016,77.52590914,81.83614884,82.24405996,85.34070047,87.07541734,82.60440991,84.6136791,82.20451311,78.17987218,70.62706271,72.13842059,73.73993736,75.55862612,74.51558783,73.297316,70.80728552,74.47810991,77.36704151,73.20079168,65.90350303,65.54944752,67.25901391,63.54224709,60.49805873,55.85262507,55.85262505,
Latin America & Caribbean (excluding high income),,,,,,,,,,,,,,,,,,,,,,,,,,,,,,,,,,,,,,,,,,,,,,,,,,,,,,,,,,,,
Lao PDR,,,,,,,,,,,,,,,,,,,,,,,,,,,,,,,,,,,,,,,,21.5211293,27.6837836,27.6837836,27.84539685,28.21074679,28.51423564,28.61406585,28.6981714,28.85567787,47.74101739,47.74101739,47.74101739,47.74101739,47.74101739,47.74101739,47.74101739,47.74101739,47.74101739,47.74101739,,
Lebanon,,,,,,,,,,,,,,,,,,,,,,,,,,,,,,,,,,,,,,,55.15802771,,,,,,,,,57.8595326,71.8742757,69.7011536,69.87771575,65.40990791,64.42480153,65.5420059,62.28652306,,,,,
Liberia,,,,,,,,,,,,,,,,,,,,,,,,,,,,,,,,,,,,,,,,,,,,,,,,,,,,,,,,,,,,
Libya,,,,,45.13457557,37.5917768,25.57394554,21.36343115,17.82307592,18.88177208,19.87446359,17.96001542,22.91446674,21.56776104,23.95375346,22.53769753,22.06821783,21.16912288,28.86163474,29.71498944,43.04828389,,,,,,,,,,,,,,,,,,,,,,,,,,,,,,,,,,,,,,,
St. Lucia,,,,,,,,,,,,,,,,,,,,,,,,,,,,,,,,35.37282569,40.41488713,43.96135266,39.79328165,37.62711864,40.04524887,35.9430605,,,,,,,,,,,,,,,,,,,,,,
Latin America & Caribbean,,,,,,,,,,,,,,,,,,,,,,,,,,,,,,,,,,,,,,,,,,,,,,,,,,,,,,,,,,,,
Least developed countries: UN classification,,,,,,,,,,,,,,,,,,,,,,,,,,,,,,,,,,,,,,,,,,,,,,,,,,,,,,,,,,,,
Low income,,,,,,,,,,,,,,,,,,,,,,,,,,,,,,,,,,,,,,,,,,,,,,,,,,,,,,,,,,,,
Liechtenstein,,,,,,,,,,,,,,,,,,,,,,,,,,,,,,,,,,,,,,,,,,,,,,,,,,,,,,,,,,,,
Sri Lanka,,,,,,,24.9341297,26.98937215,34.38564962,35.07892894,37.12291924,38.50365507,37.84172172,39.17957474,38.19623275,,,,,34.99178597,45.63164109,44.65356429,29.25196595,23.64311118,,,,23.78588193,23.8947326,20.85355019,17.70338356,20.79828731,22.0883246,22.31504135,23.84370212,23.24500013,21.47692557,24.58988767,20.67630505,21.18166758,22.37324561,21.43158952,,,,,26.74227797,18.06527215,26.9085989,22.57591857,24.25856527,23.30383756,23.55811318,25.81165276,23.37917567,33.5417275,30.06751284,31.15068581,31.15068581,
Lower middle income,,,,,,,,,,,,,,,,,,,,,,,,,,,,,,,,,,,,,,,,,,,,,,,,,,,,,,,,,,,,
Low & middle income,,,,,,,,,,,,,,,,,,,,,,,,,,,,,,,,,,,,,,,,,,,,,,,,,,,,,,,,,,,,
Lesotho,,,,,,,,,,,,,,,,,,,,,15.50606918,14.83670295,23.7666141,21.36494496,17.0865535,8.897126969,,,,,,,,,,,,,,,,,,,,,,,,,,,,,,,,,,
Late-demographic dividend,,,,,,,,,,,,,,,,,,,,,,,,,,,,,,,,,,,,,,,,,,,,,,,,,,,,,,,,,,,,
Lithuania,,,,,,,,,,,,,,,,,,,,,,,,,,,,,,,,,,,,,,,,,40.33366845,37.56019754,42.36564683,46.93517149,51.8517952,54.06030214,51.62867929,48.40990585,45.75699505,42.0788276,43.91782718,45.19933834,49.03878572,49.36512144,49.07745624,48.35715359,51.70468679,50.89074811,56.8362827,
Luxembourg,,,,,,,,,,,,,,,,,,,,,,,,,,76.28017974,75.75327479,72.99617994,72.93131756,72.04421948,69.88000172,68.02376946,63.38747722,63.42924515,62.4762585,68.76440789,67.86354606,67.95266633,69.37180316,66.99115341,68.33326342,71.64896791,70.37983295,70.31985827,71.71257908,71.9125591,74.21449722,77.78327596,93.84159976,84.19517118,86.31786488,86.4517158,71.53175517,69.67962051,70.96096751,69.43013235,74.45962393,77.75278572,78.09909438,
Latvia,,,,,,,,,,,,,,,,,,,,,,,,,,,,,,,,,,31.27532866,32.86473629,33.12788959,33.39427297,43.36240936,51.89243829,45.62169178,51.28522137,51.59547605,51.08681014,56.60557167,59.76976529,59.69610391,59.16923179,59.8461239,53.26815887,49.84748708,55.23783401,59.84152947,59.88413214,58.99006717,57.75106976,58.11939557,59.48506389,59.57759316,57.65400255,
"Macao SAR, China",,,,,,,,,,,,,,,,,,,12.07877227,13.47415915,15.10489943,20.97392638,26.50516927,28.17972153,29.81709421,31.17768266,35.11889011,29.04534776,24.13380022,24.59829931,24.08519875,19.64840863,16.95909071,19.84346416,21.66883226,19.28473609,16.02927189,12.46420994,12.9099234,11.3196012,17.80873562,12.91174727,16.79153163,16.57028288,19.56409212,26.53839441,31.9485817,30.2701081,33.67976074,37.16273596,39.69316781,46.35435776,51.71057694,50.8695612,58.18609939,59.14810411,55.9930872,48.4153208,48.47414445,
St. Martin (French part),,,,,,,,,,,,,,,,,,,,,,,,,,,,,,,,,,,,,,,,,,,,,,,,,,,,,,,,,,,,
Morocco,,,,,,,,,,,,,,,,,46.97407249,40.82303047,37.91903819,39.03526581,40.38898997,53.47653068,53.47653068,54.29922138,54.24471782,29.20124328,27.92796609,25.53379746,41.41051506,41.0279445,42.93759003,27.40958333,27.28316255,28.05122841,26.32843064,26.61556064,26.98632808,26.00374576,28.12683946,27.73516274,31.65247442,33.6377251,35.42207807,32.27122907,32.00905266,41.34269132,42.46657418,35.1058416,34.28657224,38.49768574,38.18096133,36.78079395,59.59270746,61.3975386,62.90498534,40.30249248,38.28343911,38.4032222,38.40322221,
Monaco,,,,,,,,,,,,,,,,,,,,,,,,,,,,,,,,,,,,,,,,,,,,,,,,,,,,,,,,,,,,
Moldova,,,,,,,,,,,,,,,,,,,,,,,,,,,,,,,,,,21.13904015,21.13904012,21.13904012,21.35378154,21.49736868,21.28482193,21.28482205,21.32770776,21.39300737,25.7211209,26.9129225,29.69990836,33.03920837,36.90312605,41.79809787,40.74152231,39.17241691,38.23059651,38.95895032,40.03136356,34.62211179,32.10866063,30.82067628,26.45053299,26.50189764,26.00292374,
Madagascar,,,,,,,,17.74952919,18.8397828,24.78816321,23.6443338,20.21554881,20.82118934,21.82845188,22.35941989,19.92936777,20.91887253,23.33100315,18.46857503,19.88361266,16.90239494,15.0144423,14.55438834,17.42073644,15.8908706,16.43546043,15.62099609,,,,,,,,,,,,30.28628118,,,62.07219928,71.32510777,71.01412059,70.92202578,70.54820635,66.76437364,,,,,,,,,,,,,
Maldives,,,,,,,,,,,,,,,,,,,,,,,,,,,,,,,,,,,,,,,,,,,,,,,,,,,,,,74.45991682,74.45991682,74.45991682,,,,
Middle East & North Africa,,,,,,,,,,,,,,,,,,,,,,,,,,,,,,,,,,,,,,,,,,,,,,,,,,,,,,,,,,,,
Mexico,,,,,,,,,,,,,,,,,,,,,,,,,41.4032685,41.22020002,38.69698912,40.32875651,40.34685922,40.95759527,38.40464252,36.07756086,34.67577699,34.43683198,33.00228884,33.48001135,32.14641126,32.62766879,32.48741796,31.3355895,31.15602149,28.89430407,28.23088971,36.72967814,33.34197257,33.89368097,34.93588731,35.13083889,36.36448664,39.56301076,39.61029107,37.74633909,35.92320804,36.50194402,35.98797491,38.17428971,35.69945245,35.56775632,35.56775632,
Marshall Islands,,,,,,,,,,,,,,,,,,,,,,,,,,,,,,,,,,,,,,,,,,,,,,,,,,,,,,,,,,,,
Middle income,,,,,,,,,,,,,,,,,,,,,,,,,,,,,,,,,,,,,,,,,,,,,,,,,,,,,,,,,,,,
North Macedonia,,,,,,,,,,,,,,,,,,,,,,,,,,,,33.79429559,36.42764016,31.8119891,38.36215928,34.56085633,30.79433878,35.45411845,35.8310996,34.83384692,33.95717487,30.77054648,30.80790864,32.68597851,37.84483812,36.10184905,90.59816106,44.27819875,44.96236306,49.46759316,54.15722842,55.21311502,50.96836926,45.06671907,35.56169121,40.98365911,39.80202578,37.67635355,32.61685963,31.69848635,31.69848634,31.69848635,31.69848635,
Mali,,,,,,,,,,,,,,,,,,,,,,,,,,,,,,,,,,,,,,,,,,,,,,,,,,,,,,,,,,,,
Malta,,,,32.05663412,34.76509095,32.91519879,31.27331069,35.1866093,34.96905882,37.33824417,40.10318706,40.52695967,41.75666051,42.36347218,42.81709388,37.02187903,37.52534566,38.87635747,38.49225592,39.39208119,39.48726774,38.73252535,41.2090364,41.64381465,41.16843415,40.97746121,40.25276561,41.86987505,47.31918388,44.61130239,47.43825346,49.46697737,51.7219392,52.25135739,55.64655757,42.6618495,38.99012525,40.50421589,41.25654744,40.16460721,36.0161561,39.98185559,41.47877121,39.59194484,43.21752834,44.70712841,46.1478637,44.64732365,45.72964724,82.91869728,78.43336112,87.34115951,91.71462678,91.37977177,91.01432996,67.59936026,83.25346196,55.24292027,55.23821041,
Myanmar,,,,,,,,,,,,,,,,,,,,,,,,,,,,,,,,,,,,,,,,,,,,,,,,,51.81808253,88.39003159,94.8453167,89.26440307,86.03378838,66.63032129,,,,,,
Middle East & North Africa (excluding high income),,,,,,,,,,,,,,,,,,,,,,,,,,,,,,,,,,,,,,,,,,,,,,,,,,,,,,,,,,,,
Montenegro,,,,,,,,,,,,,,,,,,,,,,,,,,,,,,,,,,,,,,,,,,,,,,,,,,,43.27681434,53.12905341,40.06092943,42.64500823,40.69090426,46.617574,46.61757903,46.61757439,46.61758014,
Mongolia,,,,,,,,,,,,,,,,,,,,,,,,,,,,,,,28.0692423,19.51660455,16.14819774,35.77939154,34.95412264,12.66993093,12.20889275,16.2567639,11.78737381,8.378752219,8.620821632,9.83761953,19.27775683,19.1077656,33.42363986,20.91482314,39.02641825,41.43873316,34.93942372,20.79017453,30.00350813,34.52893067,59.45987942,50.75086576,50.67982595,37.80060052,42.96731065,52.96449255,52.96231847,
Northern Mariana Islands,,,,,,,,,,,,,,,,,,,,,,,,,,,,,,,,,,,,,,,,,,,,,,,,,,,,,,,,,,,,
Mozambique,,,,,,,,25.09414584,26.70068027,29.31812152,28.9183223,31.64042661,29.31226352,31.07191316,,,,,,,,,,,,,,,,,,,,,,,,,,,,,,,,,,,,,,,,,,,,,,
Mauritania,,,,,,,,,,,,,,,,,,,,,,,,,,,,,,,,,,,,,,,,,,,,,,,,,,,,,,,,,,,,
Mauritius,,,,,,,,,10.24773312,10.75921148,13.02737033,12.57043496,12.99768919,12.55852071,12.95976302,14.9264145,16.09793715,19.96017157,22.22370707,20.3870684,24.67656924,22.96819788,22.53979816,24.1612723,20.01199071,16.73249821,15.71571017,15.16102896,17.35795793,17.59142497,18.34518142,18.07282978,17.44838399,18.56857546,19.12089489,17.39870762,16.98607377,21.92030421,25.97973923,26.80128706,25.80745143,23.38781307,24.3905176,24.47459298,25.61846101,26.54975278,25.83634705,29.92655823,27.9899382,27.54690312,28.46189117,21.73441017,19.38987869,21.05919736,21.3776161,20.46247407,20.75296692,21.83194117,21.83194117,
Malawi,,,,,13.10744539,15.01564129,17.76819923,18.76092657,19.70207603,24.88210474,20.57219357,20.9996529,22.74661204,25.73384749,20.8887468,22.34253551,,,,25.08055359,23.94861569,32.51208196,16.70766129,23.58848331,19.17415148,34.0537493,18.42403628,22.42562929,24.03770621,25.28774543,32.91502331,32.41530055,18.33333333,26.90683929,24.09112065,17.91755695,21.10359868,21.09323624,28.42166778,13.53716722,14.96973807,14.64961237,12.03451275,14.96916469,14.85253035,13.89538401,16.22629947,15.91304453,18.11750845,20.97938815,20.12834951,20.12834951,20.12834951,,,,,,,
Malaysia,,,,,,,,,58.3154583,64.45338786,56.61235966,57.83174991,60.30217272,57.39120559,57.9400126,53.52271969,55.18780512,52.71178297,55.05141467,56.1681175,56.23815692,56.41315452,57.91095051,55.68999717,51.35620782,51.84167079,54.21095935,53.177142,54.40740513,58.35106125,60.26375866,60.3192036,63.1670418,64.57195877,67.58075587,66.42444712,66.96543395,66.37725897,66.37725897,66.94862741,42.23669406,41.22006602,43.2003643,42.89816311,43.07877539,44.03772946,43.61608989,46.96278795,47.92916237,45.37757024,46.68908628,46.68908628,45.96966692,45.96966692,44.03964087,44.62935724,44.62935724,44.48768059,44.48768059,
North America,,,,,,,,,,,,,,,,,,,,,,,,,,,,,,,,,,,,,,,,,,,,,,,,,,,,,,,,,,,,
Namibia,,,,,,,,,,,,,,,,,,,,,,,,,,,,,,,,,,,14.8025074,,,,,,,,,,,,,55.99333413,46.05296028,48.17875727,47.96235203,50.10972933,48.33039073,46.51478869,46.06448245,46.06448245,,,,
New Caledonia,,,,,,,,,,,,,,,,,,,,,,,,,,,,,,,,,,,,,,,,,,,,,,,,,,,,,,,,,,,,
Niger,,,,,,,,,,,,,,,,,,,,,,,,,,,,,,,33.50203852,28.62318841,39.48190336,47.19543397,51.74776041,66.19811114,74.03379297,72.1961973,71.0636809,39.25471099,33.61122407,19.67429577,42.97945205,73.70531916,73.70531916,73.70531916,73.70531916,73.70531916,73.70531916,69.52096833,69.52096832,69.52096832,69.52096832,69.52096832,48.54600764,40.35032941,44.86375731,62.46650802,62.46650802,
Nigeria,,,,33.32995746,35.87267818,35.81517224,28.51642618,27.06192229,29.04249619,33.69000463,31.70756388,33.39532538,39.48655751,34.14865481,38.06043092,39.19146447,41.85587569,39.88962709,35.87647994,,33.28922457,42.42978608,46.25104243,36.91130035,35.05719098,28.30692244,,,,,,31.91316318,24.89837869,32.63912428,47.49061869,28.63266528,25.75915265,,,,,,,,,,,,,,,,,,,,,,,
Nicaragua,,,,16.84039088,17.55921569,18.47857143,21.55636757,22.04294402,24.48669636,25.6097561,24.56697875,23.93620547,23.7724371,27.12640832,31.18552334,28.05537459,27.94568452,29.32032032,27.23721816,27.46511821,28.35284539,24.3292481,22.14414665,18.64868063,27.30552424,21.57493547,,,,,,,,,,,,,,,,,,,,,,,,,,,,,,,,,,
Netherlands,,,,44.46407554,46.1524438,46.68949287,46.07938862,45.15446688,45.1985426,47.48949244,48.81865049,48.48530737,47.8604158,47.7716307,48.36979785,47.0941998,47.51312969,49.38324847,51.07871923,50.71090193,50.95570586,44.38850305,44.05992673,45.00394185,45.28671283,46.54823377,47.25290358,45.8810327,44.8478269,45.62509596,46.30688958,46.93717555,46.77411697,47.08419368,47.08419082,43.47342153,45.00789433,44.57198876,43.36463519,43.38984549,45.89596263,43.2601125,42.09712509,41.29340083,39.65496543,37.96793026,40.76140505,41.53213135,44.9492053,37.91052075,34.79544468,35.012816,34.1819269,33.62018169,32.93533446,34.24685992,34.73772816,33.96296837,33.9628768,
Norway,,,,49.47303162,50.35137355,50.4527163,49.27646611,50.10452962,53.21969697,51.83189655,53.99084901,53.40215861,52.70359536,53.26695706,55.84486775,53.48565094,52.40249699,52.83546756,52.66936766,53.34990503,53.57413872,51.2883637,49.59780339,51.71567756,52.26026429,53.1084857,52.21672182,51.69630409,53.47945585,52.87784491,51.54196487,47.44268492,45.01406395,44.25277172,49.76433136,50.85771036,48.41125096,48.7397529,48.04597298,46.26993198,47.40528378,49.7233185,47.2721412,47.80248625,48.79138983,48.13037278,47.34550392,47.41236227,54.11789241,33.84519061,37.38090464,37.28893539,37.60516941,33.29524212,39.73690499,44.73810253,39.98595577,53.62134231,51.28999956,
Nepal,,,,,,,,,,,,,,,,,,,,,,,,,,,25.7971597,28.91540592,31.46853147,28.2275321,26.81622851,26.47705615,,26.38310357,27.18453205,,25.53938538,,,,,24.38535777,,,,,36.95264704,,48.17056855,,,43.36937687,,,,,,,,
Nauru,,,,,,,,,,,,,,,,,,,,,,,,,,,,,,,,,,,,,,,,,,,,,,,,,,,,,,,,,,,,
New Zealand,,,,44.98980978,47.87200994,46.71275586,47.25787631,45.7676665,45.54090963,46.20193811,46.40446404,45.17879949,44.94942497,48.32234871,49.23143434,47.84004164,47.96666547,47.20723631,46.58183853,45.28672988,45.47482623,45.18562087,45.19598707,45.71352165,47.71286536,47.10037891,49.56601962,49.83772088,48.41579664,50.38132852,48.16315971,48.49372111,48.4937211,48.4937211,48.4937211,54.4263027,54.4263027,53.57479243,56.74352195,54.10332137,54.28602811,53.90301015,57.43808745,51.68829468,52.6982636,55.64232147,54.3310374,54.61288071,51.1351043,56.76122924,48.97205476,46.77880433,45.63555913,43.8058532,44.70284238,41.47139579,41.46699266,41.46699266,41.46699266,
OECD members,,,,,,,,,,,,,,,,,,,,,,,,,,,,,,,,,,,,,,,,,,,,,,,,,,,,,,,,,,,,
Oman,,,,,,,,,,,,,,,,,,,,,,,,,,,,,,,,,,76.08380676,66.67538271,69.3095414,68.36381091,63.31299988,67.06087022,64.27503216,76.32998083,85.31648638,83.41361594,83.32737847,84.48535566,77.84663232,81.33062122,78.50630074,81.49122863,66.13421258,76.45904805,55.74426672,50.58371444,72.02090267,81.57235933,74.32641723,69.94024024,73.84741591,73.84741588,
Other small states,,,,,,,,,,,,,,,,,,,,,,,,,,,,,,,,,,,,,,,,,,,,,,,,,,,,,,,,,,,,
Pakistan,,,,20.66239049,21.61860095,24.51532007,25.26380724,24.46920933,27.82138024,26.63080027,26.35769643,22.57106917,22.28905869,19.31878659,20.52019653,21.70483611,22.81653684,24.21862623,25.41094972,26.22704953,28.40828593,27.64767182,30.52902703,28.28977769,26.36991626,28.43203818,28.44155136,32.42186461,30.79041936,29.46642346,28.42440656,27.61954986,,,,,29.53073107,,,,,24.71932217,,,,,26.14729698,,,,,,,,,,,,,
Panama,,,,41.98634778,35.35569865,39.52936424,40.02951567,40.9523615,39.83076823,38.76215738,44.14416889,45.98698614,43.86393274,42.9725667,42.56472714,31.73124427,34.53515141,33.29234973,35.82291097,37.64690171,34.41094421,34.21122639,35.83467095,37.18993622,34.80293921,35.27640509,35.57900955,36.34779095,30.96295594,28.62080579,31.63220428,32.50571042,41.22259053,32.03545827,32.89728834,32.82406067,31.78143731,34.46463762,34.24946267,38.80759838,31.53643972,31.90810622,31.90825732,32.00850082,32.00850073,31.90825746,31.90825741,31.90825748,31.90825751,34.62399977,34.6239997,34.62173109,33.56431501,34.1163378,32.20522807,33.26326265,35.058605,,,
Peru,,,,,,,,,,,,,,,43.51145038,42.5,43.17180617,46.07508532,46.95481336,44.74885845,43.88888889,40.09009009,47.3968254,47.66031196,47.76587605,56.00855874,47.6453439,43.48817267,46.54578631,46.13527976,52.22656391,54.55373572,48.67140936,48.67140936,53.42159286,49.08234389,50.54190514,50.54190514,50.54190514,37.46477533,37.46477533,37.46393067,37.15322352,38.46883318,40.78369236,43.0509186,44.43007608,43.72646762,45.2280416,45.1238896,47.21718653,44.66749484,45.1974873,50.9887269,51.29435773,51.06359952,50.33742943,50.99514591,50.63216344,
Philippines,,,,36.04821037,34.37283437,37.43910926,37.16194718,37.16194718,35.80659537,35.88319967,35.79834606,33.49826157,35.75042575,36.46325167,33.32268166,30.22597389,36.44273573,36.65207339,37.94360625,33.29097928,36.01632251,35.17942242,41.50310712,46.56102678,42.22835797,45.26819535,38.21659578,35.87782805,36.43312102,32.73239437,34.79020492,38.65745642,38.79026834,35.90832753,40.14977061,41.92958274,37.46551598,35.59653375,28.02998963,32.49262851,32.49262851,27.55483728,27.55483728,34.63594136,34.63594136,37.64408517,32.84467501,32.76344332,41.08013482,35.59223332,38.6538379,37.93550841,16.83968641,21.75458452,22.40730823,20.50542991,21.65973991,21.35131878,21.35131879,
Palau,,,,,,,,,,,,,,,,,,,,,,,,,,,,,,,,,,,,,,,,,,,,,,,,,,,,,,,,,,,,
Papua New Guinea,,,,46.62626263,46.55889885,44.51510334,49.47657377,49.36354175,49.58680451,43.18979539,41.03438898,40.63598496,41.48852616,33.67981969,33.2453339,34.39609435,32.09583171,28.40314523,35.50708817,39.43155965,41.04229841,35.67871054,36.77376093,31.89281498,29.64877785,28.75333384,34.72621182,35.13121869,,,,,,,,,,,35.13121853,35.1312188,35.13121904,35.13121854,,,,,,,,,,,,,,,,,,
Poland,,,,35.83103183,35.97678917,35.8463458,36.84979336,35.32845736,36.0002443,35.62437504,34.48275862,35.66084788,36.65675737,36.13478692,37.91332263,37.49153461,37.89514765,37.79386435,38.41982135,37.84906052,37.81691975,42.0922744,38.28301887,38.35950636,39.39883646,39.87871707,40.43441749,40.98550224,43.88938536,41.92863398,43.45742248,36.41579319,40.5432498,41.34755112,46.18306752,46.10184106,42.89351414,44.93597257,45.46046692,63.01169561,65.71773577,46.47859382,80.14387242,49.11538581,50.72269275,49.31954062,50.95514333,52.50433402,50.63802012,44.90331467,45.29580538,46.12685196,48.22967773,47.57396576,49.06479452,49.64425141,50.73598913,49.8597249,49.8595811,
Pre-demographic dividend,,,,,,,,,,,,,,,,,,,,,,,,,,,,,,,,,,,,,,,,,,,,,,,,,,,,,,,,,,,,
Puerto Rico,,,,,,,,,,,,,,,,,,,,,,,,,,,,,,30.48711477,28.16038397,26.31404358,26.22876845,24.02614841,22.22665769,22.35526485,22.61517967,21.83918765,19.95442369,20.19861442,19.94750547,18.56988373,16.73436205,18.9873498,20.01963091,29.65886714,28.93714279,,,,,,,,,,,,,
"Korea, Dem. People’s Rep.",,,,,,,,,,,,,,,,,,,,,,,,,,,,,,,,,,,,,,,,,,,,,,,,,,,,,,,,,,,,
Portugal,,,,41.54919784,42.35570714,42.46593809,41.62758159,41.72393739,42.33512573,42.36540334,42.72255313,38.96317239,41.24103166,41.1391818,42.17321126,42.56858495,42.41428531,43.69601884,44.56933761,45.12911654,47.65541948,48.31916004,47.06933329,44.99328542,44.47660045,40.88589903,39.92750219,43.83606284,42.57241987,44.34365987,50.13039978,51.14591218,50.65616747,50.44745596,51.4400651,46.04287043,44.0977884,45.14663208,45.14663359,46.74282553,48.27017264,47.48034883,48.0525236,48.17415277,57.60199107,52.57647486,58.43707489,56.60098022,53.89222242,47.01872579,48.61187944,47.30881753,46.12322671,45.03329359,43.49849345,45.32688434,45.55274181,46.26643634,46.26643584,
Paraguay,,,,13.10852826,14.34143462,15.72258924,16.29546621,18.00910474,19.1537667,22.51375636,21.38690933,20.66481226,22.75085691,24.24766834,24.59760893,34.83592835,31.53136066,31.32267103,31.57494064,40.02114761,46.14836458,45.11331989,,,,,,,,,,,,,,,,,,,,17.60177468,23.25858085,,,,,,,,25.95351643,,,,,,,,,
West Bank and Gaza,,,,,,,,,,,,,,,,,,,,,,,,,,,,,,,,,,,54.92844137,43.81637572,45.90276158,52.62826566,55.29808398,51.67449684,41.48327228,42.14306542,48.36538411,43.17716909,54.56925602,49.79471277,55.38876912,55.47414372,51.69450836,51.35184642,48.57225049,54.09873759,53.9940259,50.63422016,54.223569,61.55923133,64.25137128,,,
Pacific island small states,,,,,,,,,,,,,,,,,,,,,,,,,,,,,,,,,,,,,,,,,,,,,,,,,,,,,,,,,,,,
Post-demographic dividend,,,,,,,,,,,,,,,,,,,,,,,,,,,,,,,,,,,,,,,,,,,,,,,,,,,,,,,,,,,,
French Polynesia,,,,,,,,,,,,,,,,,,,,,,,,,,,,,,,,,,,,,,,,,,,,,,,,,,,,,,,,,,,,
Qatar,,,,,,,,,,,,,,,,,,,,,,,,,,,57.98786653,55.44978582,59.76388003,59.76388003,66.34615385,59.44160913,69.11124922,67.48956885,59.54560868,58.28671328,58.28671328,58.2867133,66.19264812,66.19264809,66.76592856,71.66564689,77.54257942,77.46658589,77.012492,73.05277281,81.61332519,71.00779771,65.62250748,72.71369419,75.94519331,61.95561149,35.76589934,36.17332842,31.5787567,40.73297807,43.38823652,48.96852342,48.96852342,
Romania,,,,,,,,,,,,,,,,,,,,,,,,,,,,,38.85707117,41.6337686,38.42010772,39.77402746,38.43817308,38.19309156,37.76517935,35.30034317,35.2257892,34.36706314,39.79633437,38.05169667,38.02480009,36.67614734,39.5692715,42.69845496,47.10885498,45.87566106,47.68826469,48.54922801,51.26438291,37.75908154,37.95308648,38.06209659,39.09109723,37.2290752,40.31553546,40.39812509,39.24437441,38.0069556,36.25255487,
Russian Federation,,,,,,,,,,,,,,,,,,,,,,,,,,,,,,,,,,49.03059924,47.21691952,54.11746146,48.48211282,50.37639769,48.05333701,47.22374475,50.14204295,50.77373356,63.73436746,57.70998825,61.88545955,64.64687,64.59498753,65.36788865,62.98861923,58.68252443,61.03459079,64.27092688,61.05226878,61.54589701,62.48631123,60.93298952,59.91668602,57.90566499,57.90566499,
Rwanda,,,,,,,,,,,,,,,,,,,,,,,,,,,,,,,,,,,,,,,,17.00478142,,,,,,,,,,,,,,,,,,,,
South Asia,,,,,,,,,,,,,,,,,,,,,,,,,,,,,,,,,,,,,,,,,,,,,,,,,,,,,,,,,,,,
Saudi Arabia,,,,,,,,,,,,,,,,,,,,,,,,,,,,,,51.81788405,,,,,,,,,,,,,43.57383107,46.17559617,48.4017221,37.49387555,43.07691901,,,,57.03274786,56.39547274,54.22405793,53.57376249,53.0589972,49.11136734,48.78343133,51.42842511,51.42842512,
Sudan,,,,,,,24.63135068,23.93340858,23.43926744,20.7676665,19.48256212,22.02236719,21.54778743,,,,31.47675943,,,,,,,,,,,,,,,,,,,,,,,,,21.30927968,,,,,21.5299198,,,,,,,,,,,,,
Senegal,,,,,,,,,,,,,,,20.43010753,21.25580841,17.41548043,18.24425719,25.11293683,22.72450594,20.51660911,24.21743058,25.30854603,24.32930037,23.69400905,43.58105583,57.26862656,53.17402962,56.16802691,12.38234289,23.36976448,21.80994138,28.87677716,23.28960625,20.73997358,21.60333478,21.2264453,22.17803287,23.52772755,23.1912961,38.3800469,29.25671738,26.67840691,26.81857819,36.32840232,36.13134993,33.30716553,41.47905145,40.82334278,44.57273164,43.65967904,45.62206747,43.54460579,43.53984,43.53984,,,,,
Singapore,,,,63.8102367,60.61693643,59.59143541,60.85959023,58.99224436,58.92086206,58.90577698,61.9048294,61.6686806,61.27061204,61.42995638,65.0291654,58.04764672,60.28934896,60.6114311,61.1805422,62.96353285,64.44651814,60.83257435,62.27020397,64.63125915,65.02165892,64.35629844,64.98438022,66.13860632,66.1108738,51.98629984,51.9985773,33.51471158,32.64426036,31.78671574,31.10346473,29.27965343,28.81934484,28.83774517,30.03394222,28.54160993,25.47455678,26.2280854,25.17554216,24.71978566,21.63170597,22.0835075,20.86040569,20.12247979,21.40763095,17.65672119,16.32952826,14.87203869,15.71138224,15.69483965,15.16221678,17.33909004,17.4317472,15.40625158,15.40625051,
Solomon Islands,,,,,,,,,,,,,,,,,,,,,,,,,,,,,,,,,,,,,,,,,,,,,,,,,,,,,,,,,,,,
Sierra Leone,,,,,,,,,,,,,,,,,,,,,,,,,,,,,,,,,,9.59148379,,,,,,,,,,,,,,,,,,,,,,,,,,
El Salvador,,,,10.3907962,12.36315746,16.85425216,19.59697733,20.86446792,23.14660627,21.04183642,20.815383,21.11906556,20.4508555,21.84172221,22.63723488,18.66174818,24.14604214,24.95521929,29.74275278,30.36697248,28.59696157,29.05405405,28.75587632,30.88240361,33.23557319,31.07525386,,,,,,25.9596929,,37.6849569,35.26452709,41.00265767,33.3686912,27.93611436,24.69455693,,,,,,,,,,,,,,,,,,,,,
San Marino,,,,,,,,,,,,,,,,,,,,,,,,,,,,,,,,,,,,,,,,,,,,,,,,,,,,,,,,,,,,
Somalia,,,,,,,,10.76415334,9.246293245,13.30435604,5.736284889,8.494242693,9.877378436,17.09834655,34.7176112,33.44972716,31.96984021,32.07907653,27.44567694,34.16428074,,,,,,,13.31396572,,,,,,,,,,,,,,,,,,,,,,,,,,,,,,,,,
Serbia,,,,,,,,,,,,,,,,,,,,,,,,,,,,,,,,,,,,,,,,,,,41.15088457,41.15088457,41.15088457,41.15086036,43.30720015,44.87963256,44.36515059,44.69417014,47.42309701,47.38760463,48.27087384,47.42058761,44.34042507,44.03624828,44.3421446,45.96756445,45.96756445,
Sub-Saharan Africa (excluding high income),,,,,,,,,,,,,,,,,,,,,,,,,,,,,,,,,,,,,,,,,,,,,,,,,,,,,,,,,,,,
South Sudan,,,,,,,,,,,,,,,,,,,,,,,,,,,,,,,,,,,,,,,,,,,,,,,,,,,,,,,,,,,,
Sub-Saharan Africa,,,,,,,,,,,,,,,,,,,,,,,,,,,,,,,,,,,,,,,,,,,,,,,,,,,,,,,,,,,,
Small states,,,,,,,,,,,,,,,,,,,,,,,,,,,,,,,,,,,,,,,,,,,,,,,,,,,,,,,,,,,,
Sao Tome and Principe,,,,,,,,,,,,,,,,,,,,,,,,,,,,,,,,,,,,,,,,,,,,,,,,,,,,,,,,,,,,
Suriname,,,,,,,,,,,,,,,,,,,,,,,,,,,,,,,,,,,,,,,,,,,,,,,,,,,,,,,,,,,,
Slovak Republic,,,,,,,,,,,,,,,,,,,,,,,,,,,,,,,,,,52.38866488,55.09087156,53.67912525,51.26148433,51.27114534,51.72098787,52.86446204,59.25484979,56.09838425,55.28732698,55.7312647,62.12690199,62.97041179,58.77521614,56.06275065,57.98896383,46.59585126,47.41474695,47.8628453,45.40832222,45.39204921,47.1961297,47.34610197,48.75827483,48.65968845,47.064296,
Slovenia,,,,,,,,,,,,,,,,,,,,,,,,,,,,52.48387638,53.34367815,50.62777907,50.64701402,48.78914764,48.67526011,50.31061303,51.96030614,50.52709327,50.19384418,50.38656947,50.39734314,51.38599446,53.84075124,53.52717702,53.06532663,60.06494685,52.41591581,52.71076032,54.17249635,54.39631047,52.63587152,50.57229504,52.03024683,50.57374826,50.05433973,50.72090712,51.70291364,70.39540814,68.6561507,68.01463127,68.61591196,
Sweden,,,,50.44751831,52.36925237,52.83138247,52.76037004,53.08400781,53.17481056,54.29864253,55.82912458,54.25616547,53.50073314,54.97112533,56.94026104,54.29419826,52.82919647,52.1955682,52.56031277,54.42633691,55.00650195,54.1886139,53.80766732,55.19565094,56.31995911,53.71653693,52.84976381,53.78344566,53.26413346,54.3601359,53.63770175,50.07036907,47.40893632,47.43634931,48.02094753,51.51027031,48.72670192,45.47711543,45.67493757,45.35547004,47.89045372,49.73911149,49.65224851,46.9403255,45.65522687,45.50529202,45.63750579,46.55603353,50.81328831,54.99182665,51.22562555,58.7557917,42.2264532,41.22657864,49.40066847,42.60681755,43.17352913,43.20025831,42.9185305,
Eswatini,,,,,,,,42.87420382,52.76361685,,60.34229315,55.60008666,56.02745603,66.35712991,,,45.95299353,60.5358863,49.26896431,48.95261991,43.55092484,34.41308675,32.70853788,29.35193549,38.19212898,35.2589978,34.72312772,40.51097863,31.80287016,25.46043831,21.30345349,96.26791064,96.03595937,96.32708217,94.15191228,97.0104496,,,,,,,,,,,,,,,,6.744064954,,,,,,,,
Sint Maarten (Dutch part),,,,,,,,,,,,,,,,,,,,,,,,,,,,,,,,,,,,,,,,,,,,,,,,,,,,,,,,,,,,
Seychelles,,,,,,,,,,,,,,,,,,,,,,,,,,,,,,,,,,,,,,,,,,,,,,,,,,,,,,,,,,,,
Syrian Arab Republic,,,,23.20514059,21.20454545,19.86890619,19.2814829,19.83021258,22.20960282,22.59320925,20.46069052,27.33744765,24.21946491,26.99665104,29.12674651,27.93043604,27.47344548,27.01711562,34.57370061,34.02006299,48.47524752,18.56353591,50.57536314,58.5572843,48.64393646,57.81219369,29.15782677,30.76923077,22.55126696,26.55428025,26.8404908,28.11654619,33.98933668,34.53249174,37.20739978,37.44796741,,,,,54.41144434,61.39571045,55.87134887,,,-6.235452391,,,,,,,,,,,,,,
Turks and Caicos Islands,,,,,,,,,,,,,,,,,,,,,,,,,,,,,,,,,,,,,,,,,,,,,,,,,,,,,,,,,,,,
Chad,,,,,,,,,,,,,,,,,,,,,,,,,,,,,,,,,,,,,,,,,,,,,,,,,,,,,,,,,,,,
East Asia & Pacific (IDA & IBRD countries),,,,,,,,,,,,,,,,,,,,,,,,,,,,,,,,,,,,,,,,,,,,,,,,,,,,,,,,,,,,
Europe & Central Asia (IDA & IBRD countries),,,,,,,,,,,,,,,,,,,,,,,,,,,,,,,,,,,,,,,,,,,,,,,,,,,,,,,,,,,,
Togo,,,,,,,,,,,,,,,,,,,,,,,,,,,,,,,,,,,,,,,,,,,,,,,,,,,,,,,,,,,,
Thailand,,,,,,,,,41.99499687,26.73228346,34.93784331,,,,31.32576519,40.23191806,36.73365796,19.3189338,,41.31962083,,,27.43357261,,32.21357008,,29.92092161,,52.28720832,56.36532436,35.00656831,62.026476,62.02648738,47.05470031,40.82917875,40.82911703,37.91066219,37.90251229,31.67021451,31.72432016,37.84449631,37.84449631,35.65712239,35.65712239,35.65712239,33.73485339,33.73485339,33.73485339,33.73485338,36.0996265,36.0996265,37.11099626,36.68456177,36.68456177,36.06963316,36.06963316,37.79418348,36.06963316,36.06963316,
Tajikistan,,,,,,,,,,,,,,,,,,,,,,,,,,,,,,,,,,,,,,,,,,,,,,,,,,,,,,,,,,,,
Turkmenistan,,,,,,,,,,,,,,,,,,,,,,,,,,,,,,,,,,,,,,,,,,,,,,,,,,,,,,,,,,,,
Latin America & the Caribbean (IDA & IBRD countries),,,,,,,,,,,,,,,,,,,,,,,,,,,,,,,,,,,,,,,,,,,,,,,,,,,,,,,,,,,,
Timor-Leste,,,,,,,,,,,,,,,,,,,,,,,,,,,,,,,,,,,,,,,,,,,,,,,,,,,,,,,,,,,,
Middle East & North Africa (IDA & IBRD countries),,,,,,,,,,,,,,,,,,,,,,,,,,,,,,,,,,,,,,,,,,,,,,,,,,,,,,,,,,,,
Tonga,,,,,,,,,,,,,,,,,,,,,,19.2740574,,,,,,,,,,,,,,,,,,,,,,,,,,,,,,,,,,,,,,
South Asia (IDA & IBRD),,,,,,,,,,,,,,,,,,,,,,,,,,,,,,,,,,,,,,,,,,,,,,,,,,,,,,,,,,,,
Sub-Saharan Africa (IDA & IBRD countries),,,,,,,,,,,,,,,,,,,,,,,,,,,,,,,,,,,,,,,,,,,,,,,,,,,,,,,,,,,,
Trinidad and Tobago,,,,,,,73.11414362,70.88096677,74.40353871,70.71960298,70.36852745,68.15228306,66.60336199,67.50577263,69.98145025,68.37926902,65.7139656,62.46690345,60.3757764,61.96187875,61.9120071,45.21811383,44.68198014,46.3512927,50.1324789,37.32234654,43.14140279,41.33245816,73.45767575,40.74083507,46.46017574,38.49562632,42.38635236,40.46505906,37.91327973,35.90918843,,,42.3769354,49.34953099,51.25555647,47.88882086,52.30310181,54.60920213,53.81310697,53.21612053,49.36154865,,,,,,,,,,,,,
Tunisia,,,,31.38061434,32.75908479,33.7759378,35.57258441,32.26707381,34.8032968,37.35573659,38.41865923,39.34003259,39.20623996,37.15496744,35.26116459,38.27691859,39.90840078,47.08727095,48.21932433,47.19229112,45.43662268,49.47901495,,,,,,,,57.36396676,54.883186,52.61287829,51.66850378,47.59372476,44.42627096,37.89740417,37.25713665,36.12637701,32.5398564,32.60239217,32.62841769,33.01407163,33.02859224,42.481028,42.32122454,45.00062666,49.34910712,39.22792418,60.30097993,61.43998049,60.10196031,37.59790987,37.25320001,37.00564555,38.7173685,38.39994458,38.39994457,38.39994458,38.39994458,
Turkey,,,,35.03759398,34.01613904,35.97056118,40.66515495,43.26074161,41.25326371,45.23576901,45.87104469,43.89542335,42.72224342,45.60669456,48.28135368,44.43304843,43.11739092,45.07501188,43.33753678,43.75661376,46.54126214,53.38965588,49.32162416,49.09318324,45.34880356,47.19915888,53.92881821,46.26299685,46.0827149,48.2689059,48.24504323,46.12181793,41.10966669,41.88926674,42.3825729,42.24197453,41.62360879,46.36059422,45.35279462,44.79631564,41.77675052,41.82495792,32.69958929,33.92999091,37.48066423,40.50113008,42.0332641,43.20080029,44.87953911,43.8037391,44.46022786,45.86089056,44.57190633,45.43451673,44.17050971,44.8615088,44.64032186,45.26155433,45.34830454,
Tuvalu,,,,,,,,,,,,,,,,,,,,,,,,,,,,,,,,,,,,,,,,,,,,,,,,,,,,,,,,,,,,
Tanzania,,,,,,26.1167864,29.31433215,33.09611434,28.92404979,27.7738103,27.27099709,29.48830756,30.13647387,29.30409799,33.09241293,32.47147416,,,30.19999241,33.3921361,31.79994982,33.83552653,32.27835588,31.82668712,31.05252909,32.20537557,45.63418079,35.57169399,29.87031019,,31.54239614,61.79234202,,,49.37897649,45.82833784,45.82681969,45.82730808,45.82561319,45.82584675,,,,25.9178565,24.3444802,23.73891034,29.24336192,29.24353435,35.48837701,31.47625206,30.76838067,23.06005698,22.20664446,19.48280914,19.56622156,19.71421928,22.62530078,22.50673311,22.50673311,
Uganda,,,,29.27127006,36.67633138,45.84894662,41.44895151,32.77084027,37.27645137,42.874119,,34.76412409,,,,,,,,,,,,,,,,,,17.95526292,,,,36.33783184,37.07287099,37.18346635,35.47972997,35.40627765,19.58881734,19.24566659,20.98189386,,,,,,,,,,,,,,,,,,,
Ukraine,,,,,,,,,,,,,,,,,,,,,,,,,,,,,,,,,,,,,,,,,,,,,,,,,,,,,37.12429636,39.65522052,39.09477801,39.0931389,39.91364177,43.59476138,43.59476138,
Upper middle income,,,,,,,,,,,,,,,,,,,,,,,,,,,,,,,,,,,,,,,,,,,,,,,,,,,,,,,,,,,,
Uruguay,,,,,,,,,29.56741832,28.80981779,35.28142122,36.44968821,30.89661991,36.34839725,34.83562979,35.4869142,34.23446979,34.78986702,36.90521986,33.26591342,40.55782107,37.53178864,31.4760607,25.72604846,33.85592928,34.87252459,37.56168001,34.57077677,34.0894299,32.80822881,34.54941614,33.45413224,32.2492695,28.18906324,25.7593413,33.62395004,36.21864627,40.19788188,44.0784224,40.68838648,40.97439382,40.74593447,39.62279911,35.58238102,38.64223373,37.8800775,40.51580552,38.60898336,33.28214758,36.45583763,39.75774478,38.33086165,37.2194732,34.48819838,29.63009183,29.53024519,29.53024519,,,
United States,,,,47.6091042,47.51375834,47.91482203,48.27572396,48.06338028,47.69544719,48.09859619,48.41479304,48.15335015,48.31623108,48.64343004,49.39868643,47.97286567,48.17098313,48.98995967,48.97619266,49.98320728,49.66489154,49.42339966,48.7196339,48.6991722,48.93840506,48.76058769,48.75699433,48.5551969,48.43210598,48.36457918,48.35225511,47.49001733,48.27385108,48.38977251,48.67949496,49.77479765,49.77497375,41.23166765,41.17750952,41.31650072,42.00029982,42.13139712,41.89150825,41.65915123,42.62861521,43.2632441,44.21059171,43.72501214,43.57200835,37.45519031,37.9829711,39.04828998,39.45612034,39.60037114,38.23751738,38.23151223,38.06144102,37.89923403,37.89923403,
Uzbekistan,,,,,,,,,,,,,,,,,,,,,,,,,,,,,,,,,,,,,,,,,,,,,,,,,,,,,,,,,,,,
St. Vincent and the Grenadines,,,,,,,,,,,,,,,,,,,,,,,,,,,,,,,,,,,,,,,,,,,,,,,,,,,,,,,,,,,,
"Venezuela, RB",,,,40.33423096,,43.23241297,,42.20245781,43.89061823,37.86315251,41.24548422,41.62144909,40.76264274,41.06055177,46.56046742,52.42506588,59.20723723,57.10131007,55.70159948,59.36767707,59.25418814,55.08678732,50.18075919,51.77273461,57.4042884,55.76370924,52.04483354,54.04465992,49.67415815,59.96777683,66.08239876,54.764659,53.8741931,55.87468152,54.75178134,54.21768753,50.22147216,70.28745819,41.27985619,,,,,,,,,,,,,,,,,,,,,
British Virgin Islands,,,,,,,,,,,,,,,,,,,,,,,,,,,,,,,,,,,,,,,,,,,,,,,,,,,,,,,,,,,,
Virgin Islands (U.S.),,,,,,,,,,,,,,,,,,,,,,,,,,,,,,,,,,,,,,,,,,,,,,,,,,,,,,,,,,,,
Vietnam,,,,,,,,,,,,,,,,,,,,,,,,,,,,,,,,,,,,,,,30.25061218,30.2506101,30.77405039,30.77405039,30.77405039,30.77405039,38.51999636,38.51999636,38.51999636,40.17138418,41.623314,40.46770613,41.7611648,54.67813455,47.69086193,36.22400059,32.53240326,33.20784469,32.19544,33.25668698,33.25668731,
Vanuatu,,,,,,,,,,,,,,,,,,,,,,,,,,,,,,,,,,,,,,,,,,,,,,,,,,,,,,,,,,,,
World,,,,,,,,,,,,,,,,,,,,,,,,,,,,,,,,,,,,,,,,,,,,,,,,,,,,,,,,,,,,
Samoa,,,,,,,,,,,,,,,,,,,,,,,,,,,,,,,,,,,,,,,,,,,,,,,,,,,,,,,,,,,,
Kosovo,,,,,,,,,,,,,,,,,,,,,,,,,,,,,,,,,,,,,,,,,,,,,,,,,,,,,,,,,,,,
"Yemen, Rep.",,,,,,,,,,,,,,,,,,,,,,,,,,,,,,,,,,,,,,,47.7820473,50.21605738,47.7246179,42.66296622,47.36315674,43.23883941,38.15411171,39.42089596,37.25889124,54.02075897,42.75629649,56.13618141,37.86514463,36.99854403,36.27945868,38.2835565,38.2835565,,,,,
South Africa,,,,49.03086863,49.62593516,49.62593518,49.20477137,49.20477135,48.05031447,48.05031445,49.37582129,49.37582133,50.09315944,50.40783034,51.20665179,51.29032258,52.53302552,52.53302551,54.11295557,54.11295558,55.20863309,54.56173872,52.61844142,53.31238902,53.50270054,52.97189937,53.58805852,51.38854001,52.2319708,54.24604151,54.16951641,48.03642329,61.19471492,48.91985939,46.90314791,48.25840846,50.39892538,65.69683584,49.33218475,58.93503946,59.35266671,58.54202446,58.89136731,58.54456854,58.49802025,57.56932518,56.19077075,57.8463579,58.52981155,56.25471055,55.06837126,54.42716684,54.42716684,54.42716684,54.42716684,54.42716684,54.42716684,54.42716684,54.42716684,
Zambia,,,,46.96132597,46.12781715,43.34073788,46.40132887,39.3172166,35.60171058,30.83596009,29.09171983,30.52107944,27.98917003,30.55295701,34.86346286,31.87212408,,,,,28.03002724,26.8878357,29.79053736,,,,,,,,33.40513205,,,,25.00652569,,,,,,,,,,,,,,,,52.5002036,52.94090193,49.77768208,52.52763685,51.6624243,56.76392765,,,,
Zimbabwe,,,,,,,,,,,,,,,,,,,,,,,,,,,,,,,,,,,,,,,,,,,,,,,,,,47.85343675,40.67282584,35.53114763,46.87307831,45.15959162,52.50195387,49.56683993,47.67085636,22.43804847,,
