Country,1970,1971,1972,1973,1974,1975,1976,1977,1978,1979,1980,1981,1982,1983,1984,1985,1986,1987,1988,1989,1990,1991,1992,1993,1994,1995,1996,1997,1998,1999,2000,2001,2002,2003,2004,2005,2006,2007,2008,2009,2010,2011,2012,2013,2014,2015,2016,2017
Afghanistan,1934318,1971455,2133747,2025973,2179800,2195665,1910883,1929968,1853614,1756296,2086842,2010590,1966240,2056942,2183692,2289123,2300003,1536323,1272536,378934,256008,239562,140714,135340,128940,122900,115500,105500,98300,90100,82900,102500,221178,204975,117575,153799,155097,356080,455870,599746,824750,838088,862387,1455709,1626020,1726737,1827453,1928169
Africa,103149904,105186617,106639492,113261704,118731114,125567553,130421852,141666136,149524658,156679064,172214931,181108019,204299392,210692176,223101460,229213237,235364570,245849327,248234758,244867798,247084148,254848825,249870340,265672226,270092526,281234020,288290567,303449256,324557764,320054681,323440681,338992835,341201959,377017083,400401190,413240794,424753744,442879482,472242859,471972065,470321465,476297346,468558623,467557855,492757760,479833553,486847427,496183862
Albania,1664480,1707452,1960790,1798434,1897542,2045492,2207898,2338898,2771472,2595408,3394946,3105946,3214946,3463946,3721946,3629946,3676946,3651946,3773946,3680946,3396154,2059000,960712,845312,801486,711386,723092,523798,604592,1178304,1147542,1222886,1341792,1361036,1496930,1516542,1370542,1356060,1474030,1504156,1522684,1492062,1169070,1620204,1797790,1811218,1879226,1948481
Algeria,4749024,5163008,5215979,5343203,5575650,6225788,4261868,9016175,11448052,12580853,13196079,11598628,16276077,16675415,16905870,17535679,19102192,19247271,19847593,19789683,20285414,21412502,21916246,22077288,21145739,21662719,20989792,21273125,22192712,23890122,23617352,23308482,26166873,27633408,27698697,28594858,30864098,32232009,33757467,36187303,35800467,37113372,40566317,42407606,46843042,48143222,49406554,50689887
Angola,1182784,1176204,584014,1059648,1127772,982648,731780,664644,1048644,1294644,1209018,1379982,1391982,1318946,975982,1537982,1273946,1795964,1475764,1610000,1691360,1724720,1806880,1973040,2381040,2181040,2639040,2313880,1786720,2406040,389880,2567520,2491400,3361600,3411000,2635600,3817120,3872720,5613120,5337960,5427160,5711000,6988840,6675931,7607831,8965596,9014628,9063661
Antigua and Barbuda,0,0,0,0,0,0,0,0,0,0,0,0,0,0,0,0,0,0,0,0,0,0,0,0,0,0,0,0,0,0,0,0,0,0,0,0,0,0,0,0,0,0,0,0,0,0,0,0
Argentina,31030427,31117715,30875446,32992147,32600832,32117902,33225692,34705794,33883888,36997015,36939406,35119232,35343881,35880634,36849825,33841383,37228835,39548988,41731070,40234260,39155727,40194168,42488633,43056101,43556127,44590188,46724054,48024109,49840543,50592636,50861107,47284632,45741097,48655364,55185094,55946887,60592602,61346708,66130535,63376745,66730971,68211860,67617265,70443345,72768897,74609666,76060899,77160164
Armenia,,,,,,,,,,,,,,,,,,,,,,,3867098,1776943,1031151,1258816,921219,1170287,1216863,1079873,1305892,1316647,1083360,1190210,1271367,1549725,1557820,1833261,1988674,1596809,1588927,1749360,2067465,1960575,1968967,1864061,1924661,1985601
Asia + Pacific,1020223704,1037154493,1097035680,1174077028,1194924351,1272405782,1315560383,1432767477,1537659023,1540714818,1548466742,1562845446,1632788588,1688433393,1811085233,1861532621,1937878241,2021488837,2124929567,2280319032,2376339005,2430077727,2519796129,2637515972,2788640783,3007125952,3114250344,3145573047,3099099544,3151596626,3338978197,3437920728,3611818212,3963321067,4409641635,4722853225,5036816705,5367821693,5601807815,6002463311,6523224441,6916353014,7184755456,7389020560,7393784665,7336855437,7649460332,7957204219
Australia,78148820,73281290,82273826,82520598,84030700,89464694,93476370,99942580,99432080,104190366,99927588,108274194,118038450,114115532,107932314,109035336,116958656,133464704,115230586,138173860,145680186,140304308,144266346,140201534,140362248,153274191,156335449,155738534,170342053,169309909,172034198,187893646,187292954,186864899,185046324,193280529,201136103,208741253,205963631,212938938,211320794,200342605,203255369,193796987,186173650,189578019,190107774,190637530
Austria,20226891,20460929,21560678,23023972,22464103,20864515,22762463,21637112,22803874,24198024,23356177,22543091,21029393,19914089,22246688,22503189,22509038,22490539,20647245,20971569,22807211,23149106,22500764,21728905,21074016,22151932,23859465,23401889,24537262,23237827,23463349,24259526,25648860,27122968,27055157,27224483,26956546,25918981,25793558,23076553,23969745,24754127,23606689,22174967,22578349,21479383,21232843,20986304
Azerbaijan,,,,,,,,,,,,,,,,,,,,,,,16826481,14459296,13905862,11505821,10892564,10465102,11296690,9973566,10400679,10384338,9946377,10818308,11379357,12940699,11852610,10987366,12302047,10986019,10921091,11076875,12600987,12695317,12566891,9129919,9452780,9775640
Bahamas,0,0,0,0,0,0,0,0,0,0,0,0,0,0,0,0,0,0,0,0,0,0,0,0,0,0,0,0,0,0,0,0,0,0,0,0,0,0,0,0,0,0,0,0,0,0,0,0
Bahrain,2212322,2352868,2574476,2916892,2631756,3011586,3248030,2402582,2240512,3123086,3152024,3062512,3614930,3036762,3685768,4476534,4240478,3896922,4919768,4726380,5051478,4925712,5410524,5368384,5747354,5797346,5935856,6364626,6625096,6898684,7525874,7388774,7738990,8151860,8583762,10298602,10380564,10961500,12135834,11403472,11789438,11730188,11734706,12391192,12663856,12727067,13159773,13592479
Bangladesh,1428098,1450728,1450728,1573796,1727650,1772174,2042808,2063160,2289738,2253550,2763206,2768872,3192964,2911900,3085864,3459014,3915456,4304460,4994930,5295692,5608984,5161152,5528824,6024966,6561630,7957296,8127454,8754394,8686480,9315934,10019408,11608730,11963928,12510926,12729610,13723660,14971110,15847962,17134428,18349614,19466422,20641844,21713974,22946946,23982934,25932753,26955759,27978764
Barbados,3322,2106,2728,4106,9350,18494,22934,20312,43732,47208,51324,34652,41138,62704,100680,110874,96504,83570,78450,72872,82376,77840,80282,81396,77498,81414,70448,61416,105992,129940,104945,87129,101443,81350,81853,82878,69744,60154,52571,50408,53239,51687,50467,50344,45310,40277,35243,30210
Belarus,,,,,,,,,,,,,,,,,,,,,,,37141575,31024831,26788477,25110192,24552214,25095057,23063982,23281994,22731142,22541930,23046163,23325493,24630340,24591147,26033068,25341856,26168743,23587250,24699023,26440364,28177900,24847527,25134686,24190743,24397772,24604802
Belgium,49227362,48866677,51096284,53078060,53784857,46120925,47734564,47308776,48310825,53105274,50174033,44186425,44460847,39196610,39707841,40121887,41922252,41257321,41636486,43663514,44585947,46582957,46891912,44018510,48019053,49644323,51390265,50946050,53900614,50226695,51987778,53070051,49799763,53729423,53959590,53571444,52649535,50995638,55117921,47366307,52781169,47693494,44551063,46713442,45052947,47114500,46789307,46384457
Belize,0,0,0,0,0,0,0,0,0,0,0,0,0,0,0,0,0,0,0,0,0,0,0,0,0,0,0,0,0,0,0,0,0,0,0,0,112600,149600,177110,201010,226349,218142,155948,123867,125302,126738,128699,131005
Benin,95000,101000,133000,134000,138000,151000,94000,116000,132000,133000,136000,112000,131000,134000,138000,169000,149000,152000,132000,109000,97000,78000,80000,85000,88000,89000,293000,387000,383000,481000,498000,562000,643000,738000,782000,804000,1049000,1229000,1263000,1393000,1598000,1646000,1723000,1841000,2032000,2112979,2193957,2291936
Bhutan,58,60,60,61,64,62,68,73,78,82,50,90,100,200,400,500,800,1830,2000,2000,2000,2000,56001,46001,64001,68001,64001,54001,50001,50001,50001,84597,88568,66325,29632,85280,97967,105263,123706,48546,87815,88001,88001,168844,178018,187191,196365,205538
Bolivia,682228,749320,788973,838175,894986,1037448,1116186,1342555,1492610,1524359,1473358,1525230,1669921,1515310,1462626,1393784,1228903,1303596,1318222,1469781,1560955,1596172,1756794,1864523,2140386,2529532,2810111,3112419,3202348,2979190,3560913,2725134,3353512,3334588,3510709,3790679,4906694,3807415,3989223,4215964,4631731,5025190,5790645,5719768,6171898,5981115,6207820,6434524
Bosnia and Herzegovina,,,,,,,,,,,,,,,,,,,,,,,15845698,13568594,2081187,2946973,2461558,6171924,7897775,7630146,8696585,8729640,8966593,9578052,9940564,10357386,11289840,11172316,12831129,13527645,13208622,15040166,14272837,13943173,13817450,15292774,15764357,16235940
Botswana,0,0,0,0,0,0,0,0,0,0,0,557000,587000,570000,569000,617000,707000,731000,878000,960000,1143000,1113000,1323000,1298000,1259000,1296000,1173000,1229000,1493000,1554000,1599000,1566000,1606000,1521000,1568000,1659000,1689000,1617000,1776000,1537000,1775000,1555000,2261000,2371000,2496000,2876046,2941157,3006268
Brazil,30701126,33525476,36979440,45530114,47221206,48645686,54408520,56150044,61415700,68933412,64756184,61574644,62705938,63259852,65748762,67625296,74212622,75964740,77614842,78514782,78518744,79489254,80029500,86505978,89142708,91708968,103158990,108350696,112498086,114935034,120237046,118342904,118738629,116187681,122912182,125477453,126232956,133298598,142058501,133139727,150317512,159138798,166010408,179351096,189345854,196294850,201508279,206721709
British Virgin Islands,0,0,0,0,0,0,0,0,0,0,0,0,0,0,0,0,0,0,0,0,0,0,0,0,0,0,0,0,0,0,0,0,0,0,0,0,0,0,0,0,0,0,0,0,0,0,0,0
Brunei Darussalam,702370,657522,85216,200087,507441,474548,631295,690987,639256,852026,1234889,1040392,1273351,1127658,1346660,1377549,1317899,1339665,1091364,1275579,1438181,1536772,1859331,1661862,1631278,1968807,1847713,2231893,1932138,2141549,1936367,1970627,1858614,2198615,2040810,1984033,2671668,2767039,3160239,2803554,2687635,3449885,3348852,2641902,3141312,3775041,3835636,3896231
Bulgaria,43400198,43573108,44037536,44501580,42972391,47464207,45867314,46989705,48623275,51721046,53647029,51867356,55170497,55457123,56677119,55158774,59423479,60407581,57082696,57061997,50739495,43113361,42821536,43275848,41410555,44881440,45124947,41438075,41339349,34898871,36345922,37293423,36634696,38169065,37958327,36528481,37465543,41179645,41778769,36492971,38219547,46405782,41800771,36200887,38837795,43453963,43800909,44147855
Burkina Faso,0,0,0,0,0,0,0,0,0,0,0,0,0,0,0,0,0,0,0,0,0,0,0,0,0,0,0,0,0,0,0,0,0,0,0,0,0,0,0,0,0,0,0,0,0,0,0,0
Burundi,1000,1000,1000,1000,1000,1000,1000,1000,2000,3000,4000,6000,11000,13000,14000,10000,12000,18000,12000,14000,11000,10000,12000,12000,12000,12000,12000,12000,12000,4020,4088,6816,6977,4580,4643,4871,9762,7489,9764,11352,13111,7982,20335,19256,20212,21168,22124,23080
Cambodia,0,0,0,0,0,0,0,0,0,0,0,0,0,0,0,0,0,0,0,0,0,0,0,0,0,510000,530000,553000,623000,665000,691000,736000,736000,798000,824000,933000,1008000,1165000,1195000,1416000,1566000,1619000,1699000,1772000,2227000,3382343,3670543,3958743
Cameroon,279000,286000,308000,314000,314000,364000,338000,495000,531000,619000,631000,724000,796000,822000,886000,945000,920000,967000,842000,900000,822000,814000,850000,887000,1060000,921000,1110000,1111000,960000,902000,1059000,1040000,1079000,1207000,1233000,1038000,1200000,1561334,1495658,1798370,1908260,1848178,1954210,2166688,2282516,2533875,2655102,2776329
Canada,124665582,124917984,133215129,137113951,137037309,147373177,145937769,155642675,151544928,166559472,165434760,159363542,153482543,147093435,162870972,156843374,158267504,167476601,175932951,178884402,176672426,168177613,170997544,177441782,183534742,182906758,191338284,200892038,202505106,201097739,204417058,209840865,206680973,213195493,216474458,221990707,219686643,216281931,216002861,205247197,207755336,211698855,208633677,204715562,220148747,210595932,210406902,210217872
Cape Verde,0,0,0,0,0,0,0,0,0,0,0,0,0,0,0,0,0,0,0,0,0,0,0,0,0,0,0,0,0,0,0,0,0,0,0,0,0,0,0,0,0,0,0,0,0,0,0,0
Central African Republic,0,0,0,0,0,0,0,0,0,0,0,0,0,0,0,0,0,0,0,0,0,0,0,0,0,0,0,0,0,0,0,0,0,0,0,0,0,0,0,0,0,0,0,0,0,0,0,0
Chad,0,0,0,0,0,0,0,0,0,0,0,0,0,0,0,0,0,0,0,0,0,0,0,0,0,0,0,0,0,0,0,0,0,1798110,8505327,8807990,7873614,7189559,6331499,5958700,6110700,5733900,5211200,4887800,4781373,4674945,4568518,4462090
Chile,8143340,7961428,8236632,7335226,7913706,6261182,6674276,6899068,6663606,7635307,7790892,7875768,6293460,6493898,6860986,6714694,7780968,7336998,8922924,10859016,11869998,11786170,11413290,11568982,13610471,14166652,16696930,18508691,19713548,20859485,20284532,19045885,19736875,20347058,22995592,23068180,24516597,27706619,26854829,25528500,26924426,30311237,30596375,32010480,31570481,31248501,32227966,33207431
China,420926004,430520608,455326610,469716576,474534416,551357164,565508494,641671734,718558844,733047054,714455684,708964570,752915986,805002546,880506348,896489804,925762438,958531536,1009939808,1089243416,1103362592,1110712178,1143852960,1211693906,1291002602,1426473983,1467594066,1427708664,1411576792,1389507757,1488832878,1545803704,1663289538,1947812809,2272333469,2523369915,2761922584,2996007559,3148828293,3472604230,3853118830,4220677940,4386598488,4527616415,4404065344,4247146731,4475496860,4698885988
Colombia,9785004,10055324,10526756,10806120,12028036,11867934,12551656,12863582,12321194,11607032,12499822,12987368,13588592,14439676,15381534,15221860,17168108,16697986,17216174,18389380,20976712,16867028,22151248,18201110,19503724,23210728,22077732,22884280,21974476,19030888,19560552,22219116,19713184,21703716,20051228,22669960,21358374,24060319,25795830,25556470,25295932,25204967,25469668,27983490,30855109,32861608,33927889,34994170
Comoros,0,0,0,0,0,0,0,0,0,0,0,0,0,0,0,0,0,0,0,0,0,0,0,0,0,0,0,0,0,0,0,0,0,0,0,0,0,0,0,0,0,0,0,0,0,0,0,0
Costa Rica,474000,488000,511000,581000,532000,627000,603000,707000,865000,762000,798000,660000,668000,651000,651000,701000,828000,831000,910000,979000,1000000,1044000,1391000,1457000,1509000,1595000,1525000,1516000,1670000,1824000,1750000,1862000,1933000,2016000,1976000,2063000,2216000,2438000,2513000,2285000,2356000,2396000,2302000,2396595,2475190,2424250,2468570,2512890
Cote d'Ivoire,717000,808000,930000,1063000,1059000,1073000,1161000,1289000,1301000,1871000,1540000,1481000,1342000,945000,1014000,1184000,1453000,1473000,1476000,1430000,1150000,1237000,1540000,1611000,1658000,1458812,1970308,2009972,1898366,2870884,2542884,2243804,2622330,2139216,2258440,2546942,2055582,2289294,2099572,1895692,2268816,2237048,2906462,3343690,3431084,3432209,3435694,3441179
Croatia,,,,,,,,,,,,,,,,,,,,,,,5971827,6119284,5857669,5914313,6028283,6398791,6705958,6676112,6443286,6680201,7618698,7666200,7843603,7756020,7763300,8216103,8231375,7031432,7233051,6975321,6167324,6239110,5699639,5856026,5769549,5683071
Cuba,6941718,7031744,6990464,7608360,8177528,8265178,8879752,9645980,10363840,10474304,10577502,10752586,11063840,11667364,10984124,11619464,11263320,11973426,12234148,12823690,11362762,9100116,7339500,6901850,7228780,7918178,8207834,8723750,8493620,8580000,9141906,8744550,8502962,8656724,8504450,8653460,8965490,8586180,9277326,10319528,11788448,10699402,11096140,10447128,10643210,11041898,11449638,11859023
Cyprus,764000,629000,817000,848000,669000,613000,709000,781000,852000,886000,975000,1015000,944000,957000,1034000,989000,1079000,1397000,1359000,1626000,1668000,1804000,1929000,2080000,2190000,2075000,2225000,2175000,2294000,2493000,2622000,2557000,2669000,2721000,2474000,2892000,3053000,2944000,3107000,2935000,2954000,2652000,2619000,2325000,2297000,2293489,2283868,2278468
Czech Republic,,,,,,,,,,,,,,,,,,,,,,,,84109057,77794072,75686121,80100630,78143609,72794174,64388131,71324657,73130930,71635732,73620954,72174776,73056360,73534729,72925570,70935388,66558310,65340502,68536975,65087079,60152675,60481333,60255299,59222519,58189683
Czechoslovakia,139853064,139432908,140425686,137904993,129640215,133501877,137624897,145797698,144579790,150498605,146428874,145122817,147026103,148718407,151724319,148369630,146983751,147775683,145921337,139740298,128287242,119431200,108087100,,,,,,,,,,,,,,,,,,,,,,,,,
Denmark,22979000,20943000,21719162,21670306,21343180,20853306,20632216,23031414,22932360,23637378,23567342,22259272,21195282,19472680,20610489,24410092,24811632,23977687,21754692,21767890,20692835,23654987,22811085,21793779,24419965,26417582,27800533,27808368,23002870,20880084,20323611,21274502,19525650,22658797,20621344,19284258,21666540,20803557,20582856,18198636,16744799,16704536,14262004,15718826,14420404,13260669,12623564,11986460
Djibouti,0,0,0,0,0,0,0,0,0,0,0,0,0,0,0,0,0,0,0,0,0,0,0,0,0,0,0,0,0,0,0,0,0,0,0,0,0,0,0,0,0,0,0,0,0,0,0,0
Dominica,0,0,0,0,0,0,0,0,0,0,0,0,0,0,0,0,0,0,0,0,0,0,0,0,0,0,0,0,0,0,0,0,0,0,0,0,0,0,0,0,0,0,0,0,0,0,0,0
Dominican Republic,1362000,1139000,1505000,1678000,1814000,1887000,1904000,1915000,2038000,2195000,2132000,2044000,2013000,2335000,2465000,2445000,2503000,3030000,3011000,2945000,3057000,3104000,3563000,3579000,4173000,4450000,4674000,5306000,5816000,5987000,6416000,6515000,6882000,6457559,5899794,6462457,6719775,6952761,6947166,6785811,7092315,7313473,7635797,7309320,7340167,6723598,6786222,6848847
DR Congo,1156000,1143000,1139000,1192000,1192000,1162000,1135000,1189000,923000,1262000,1132000,1338000,1134000,1413000,1610000,1314000,1214000,1333000,1415000,1278000,1545000,1150000,1060000,1018000,669000,798000,865000,741000,669000,545000,329000,325000,330000,411000,458000,567000,631400,664799,576799,512799,729799,889799,860000,1252000,1699470,1735750,1801175,1867996
Ecuador,1273000,1316000,1604000,1590000,1887000,1982000,2217000,3321000,3034000,3519000,4197000,4156000,4433000,3967000,4199000,4497000,4123000,4347000,4396000,4180000,4858000,5257000,4740000,5486000,6354000,6537000,6845000,7862000,7454000,7087000,7193000,7872000,7894540,9104004,7913636,8379108,8584738,9536790,8756966,10860966,10829472,11159234,10921228,11751242,12709590,12133287,12454935,12776583
EECCA,1087688423,1110924454,1166508757,1208091898,1236445051,1302935326,1317081183,1361660713,1386860744,1426180487,1431086790,1459525923,1483973734,1499892284,1515388083,1561042753,1607984933,1628920824,1665221864,1643921509,1578637976,1537985834,1356081356,1227346621,1082221537,1026562553,964234287,909296235,898851214,902291229,918397635,932035249,921366414,968314296,964012710,969097447,1006300569,1005976876,1058629118,936236647,990417624,1051122742,1085423985,1062640111,1021895029,1014272522,1019471499,1024325635
Egypt,6603302,6704842,7570050,7108020,8183132,10217126,10818428,11829052,12594998,12607020,14530698,16389988,18327048,21412100,23188540,24283854,24058680,26268504,27536824,29708696,31204528,31647720,30507836,32872096,32346630,33989296,36875468,38241452,39975528,40615630,38593332,42845060,43892360,46215248,49888745,57156504,59808955,63812896,66204913,67906439,63756576,66677692,68408913,66046135,65558233,71584024,71488719,73635406
El Salvador,457000,499000,571000,687000,626000,734000,735000,760000,794000,732000,616000,595000,555000,604000,567000,624000,666000,756000,725000,755000,776000,1004000,1102000,1300000,1367000,1619000,1423000,1680000,1821000,1755000,1786000,1827000,1857000,2007000,1960000,1936000,2057000,2207000,1980000,2016000,1954000,1963000,2003000,1989000,2044000,2050511,2040021,2029532
Equatorial Guinea,0,0,0,0,0,0,0,0,0,0,0,0,0,0,0,0,0,0,0,0,0,25172,154897,236856,234794,683849,1252405,3523507,5000849,5777358,6607476,11142311,14045188,16710903,18103310,19178330,18780540,19445820,22359250,20649171,19093818,20631346,20001203,19026383,20025932,21025482,22025031,23024580
Eritrea,,,,,,,,,,,,,,,,,,,,,,,,362000,443000,396000,436000,335000,198000,209000,205000,239000,192000,259000,239000,226000,158000,161000,130000,153000,155000,166000,176000,178000,181000,175925,170850,165775
Estonia,,,,,,,,,,,,,,,,,,,,,,,23834543,18855115,18724764,16891061,17855268,17872718,15564553,14058400,14740049,14699459,15027383,17666451,16928268,17280154,16868396,19721897,18430113,17080005,19959968,20671331,20790337,22872461,23073416,20593854,21193380,21787698
Ethiopia,,,,,,,,,,,,,,,,,,,,,,,,708000,826000,933000,1006000,969000,1082000,1053000,1066000,1167000,1213000,1294000,1371000,1527000,1697000,1938000,2110000,2167000,2247000,2488000,2679500,3170000,3476500,3620718,3814876,4009035
Ethiopia (Former),0,0,0,0,0,0,0,0,0,0,0,0,0,0,0,0,0,0,0,0,0,0,0,,,,,,,,,,,,,,,,,,,,,,,,,
Europe,1970426494,2017678604,2041780121,2132525256,2100434610,2082950648,2183831636,2200199407,2230207389,2330531732,2315163553,2231766753,2239633306,2217170892,2226248569,2321082494,2394004683,2404666908,2392298294,2408309422,2289580094,2190304477,2181152940,2095707197,2047298058,2087619471,2143543076,2129522873,2104863598,2044251507,2092011529,2124096146,2124275514,2167161962,2184491599,2193895073,2219707084,2191736734,2199919453,2058347649,2055698898,2060983129,2034802846,1973574195,1904501947,1910278589,1892302933,1875519590
Fiji Islands,0,0,0,0,0,0,0,0,0,0,0,0,0,0,0,0,0,0,0,0,0,0,0,0,0,0,0,0,0,0,0,0,0,0,0,0,0,0,0,0,0,0,0,0,0,0,0,0
Finland,16660000,15892000,16671000,17914000,19161013,19001030,18953691,20973760,22259488,24782164,24122368,20676687,23914353,21791685,18377423,21944301,27750572,23336103,22508321,27070131,26898415,22714744,24354610,22562092,32319494,25941869,29440120,30958362,20310043,26728102,24449154,27255185,28991372,33340673,27634000,28983852,35516038,26817456,26698371,29339736,27295867,28047868,20690158,24767305,24503832,19127874,18516963,17906053
France,162917547,166076629,172867392,185722057,185862669,162606242,181781395,176698413,177845660,190277535,186190137,165427330,152092733,144394101,147711261,141967898,139883279,139281099,133940543,140698323,144799662,152421327,148059190,137231423,130655566,135740209,143333978,138351417,147038204,146519949,146880930,146372975,148040851,147884882,149298175,151580331,149809874,144115892,145596432,136402737,136204452,131614195,129476003,129856895,120186046,120454620,118479708,116520834
Gabon,394148,470124,532648,916370,1039426,613832,849046,1496828,955884,1378520,589494,992500,1036982,978268,896648,417496,745734,880032,657250,1440400,1615520,1042032,1180766,892366,541622,648122,654912,658738,747032,707014,623410,833766,741122,1102486,784452,956402,921390,1033400,1336098,1497524,483180,1267054,1305174,1364590,1385552,1244901,1289773,1334645
Gambia,0,0,0,0,0,0,0,0,0,0,0,0,0,0,0,0,0,0,0,0,0,0,0,0,0,0,0,0,0,0,0,0,0,0,0,0,0,0,0,0,0,0,0,0,0,0,0,0
Georgia,,,,,,,,,,,,,,,,,,,,,,,7240240,5791605,3840156,2501467,2261971,1981624,1816237,1568980,1556853,1274179,1138690,1302222,1390447,1700249,1962203,2209006,1913625,2042722,1950863,2454717,2682008,2861433,3228883,3183148,3326109,3467833
Germany,637264993,640514279,643419869,660979457,648046339,644615587,672183064,663837881,660152645,687176577,679676881,667703630,666558264,654122129,667805348,690978206,698334010,684373679,679607606,659591249,613582785,548511076,518286303,490658638,472806655,461798833,465251328,455392891,444323994,427639101,431684603,443578895,439343710,438339077,443822694,434730392,439450537,430737712,428200368,403125343,409913551,411072980,418933246,422291990,405443621,409779677,406854943,404575216
Ghana,714000,747000,993000,893000,840000,896000,806000,950000,916000,823000,823000,938000,861000,489000,750000,737000,747000,964000,820000,946000,999000,938000,969000,939000,1143000,1110000,1311000,1436000,1990000,2069000,1927000,2086000,2363000,2326000,2262000,2324000,2865000,2955000,2981000,3209841,3845829,3585928,4365557,4880420,4596254,4364135,4374875,4385615
Greece,14976000,18787000,21566000,25257000,25629000,26819000,34513000,34566000,34159000,37329000,36957000,39938000,39376750,43224870,45695684,49683832,53463990,59139600,63726266,67621220,68698668,69827264,74363588,73159868,73608834,76849738,79579334,78828176,82597932,82055955,86505191,89013418,93832726,90808832,94606744,92511456,89091744,90588904,90636440,86775217,77500739,77973870,82383067,70074627,67296604,64052806,62062345,60069340
Grenada,0,0,0,0,0,0,0,0,0,0,0,0,0,0,0,0,0,0,0,0,0,0,0,0,0,0,0,0,0,0,0,0,0,0,0,0,0,0,0,0,0,0,0,0,0,0,0,0
Guatemala,874000,900000,948000,1019000,1070000,989000,1092000,1293000,1354000,1576000,1555000,1371242,1205816,1123248,1259474,1267000,982694,1102762,1195856,1197326,1319156,1496994,1690318,1746020,2015020,2150722,2214722,2349722,3038000,2912000,3138000,3268000,3531000,3545000,3100000,4001000,3644000,4326000,3704000,4154000,3805000,3919000,4007000,3912000,5339000,6628439,6748571,6868704
Guinea,0,0,0,0,0,0,0,0,0,0,0,0,0,0,0,0,0,0,0,0,0,0,0,0,0,0,0,0,54,62,67,59,55,50,67,66,76,71,74,55,54,51,51,51,50,50,49,49
Guinea-Bissau,0,0,0,0,0,0,0,0,0,0,0,0,0,0,0,0,0,0,0,0,0,0,0,0,0,0,0,0,0,0,0,0,0,0,0,0,0,0,0,0,0,0,0,0,0,0,0,0
Guyana,0,0,0,0,0,0,0,0,0,0,0,0,0,0,0,0,0,0,0,0,0,0,0,0,0,0,0,0,0,0,0,0,0,0,0,0,0,0,0,0,0,0,0,0,0,0,0,0
Haiti,131000,130000,123000,128000,144000,144000,201000,207000,225000,235000,217000,170000,235000,260000,276000,281000,268000,289000,323000,322000,321000,315000,315000,216000,60000,311000,353000,468000,416000,476000,477000,524000,586000,541000,629000,657000,673000,759000,759000,713000,668000,696000,761000,807000,911000,934379,957757,981136
Honduras,347000,357000,386000,390000,408000,443000,459000,551000,518000,562000,556000,487000,650000,570000,643000,549000,556000,641000,706000,766000,716000,767000,807000,834000,1003000,1184000,1174000,1188000,1382000,1483000,1504000,1730000,1901000,2039000,2263000,2259000,2347000,2533000,2523000,2308000,2414000,2626000,2746000,2769000,2698000,2776400,2853818,2931236
Hungary,41452290,41775622,40336085,42715215,42746944,43348018,44608676,45860226,47861626,48168412,47421857,47121762,47209546,46400644,45954098,46023391,45600777,43928248,41740220,41059083,37289318,36016288,32515189,32864092,31168732,32665600,33881631,33930347,32841516,31923708,30975497,30536934,30274494,31839760,29609939,29316361,29150807,28211375,28535237,25907903,26091619,24355381,23114226,22238240,23827744,23134191,22489462,21844732
Iceland,526000,545000,537000,679000,634000,565000,560000,630000,614000,671000,604000,607000,571000,557000,589000,640000,665000,704000,673000,756000,774000,670000,751000,745000,785000,782000,849000,838000,886000,900000,981000,885000,899000,864000,1000000,995000,982000,1027000,915000,877000,803000,829000,835000,852000,877000,904000,897882,891764
India,95101320,96888826,101142582,104260336,114037394,125028328,128091528,130304074,127641344,132395080,144980286,158042638,169504272,177758722,190778198,205200132,222065434,239423686,263225580,274703210,295682428,317830806,333037184,343568506,361560480,394176418,416328200,438327514,441263510,465508204,482357006,497383730,521060494,546257061,581954800,620735311,662872960,706927495,762312732,856919143,892918098,924160171,977879464,1009084046,1112885044,1131893400,1179512754,1227132108
Indonesia,10704436,11021698,11988508,16469208,13373162,12258716,13156682,17970004,17399873,20740560,24726959,27628517,26194927,26504157,27677601,30510473,36973402,38151224,39932946,45685613,52709350,55826383,58768464,70875833,68181490,78432171,83179253,87411618,84502000,92582254,101455876,105051040,110943042,110923086,125545170,130225510,137192624,137457534,135242649,151844539,162348644,149574574,162911456,170284727,182590580,208573722,214887391,221201059
Iran,16978818,18062506,17900327,22177397,25793628,28184278,31098044,39127247,73906677,16909652,37548194,41921186,49064230,41696626,48325182,52153808,52328358,53078768,54199050,63124152,65682278,72553568,76028896,81731474,90655774,94501770,91047350,101953016,103425494,111730583,113089973,121019720,124503069,130572719,141242470,154878990,164943946,175107254,186437966,189502542,188933373,187872601,193330819,198352690,213325351,229972743,236200138,242427534
Iraq,3577588,3834120,3697960,4886640,4393960,7386600,8861240,7437400,9471800,10435320,9562204,9570080,9846120,11913480,12576560,14549400,15702214,15528290,18426236,20164416,19353440,15479160,23013680,30015200,34004280,32622280,32643160,38953200,27928800,21607120,25531600,28577840,27190240,24943040,25758000,25507880,23945494,24903370,26654984,31670900,35831002,38953302,43267696,46585812,48164220,68316099,71722988,75129878
Ireland,11828000,12827000,12304000,11364000,12388000,13732000,12579000,12883000,11874000,12439216,12924670,13617346,13596388,13803328,15784076,11734838,14754674,16646670,14761222,18401212,16446286,15325220,14083742,15242108,15410758,18910867,17114540,15728201,16617533,19212182,18872918,19516616,17913411,19947508,19697010,19154141,18914999,17664316,18341928,16715996,18583097,16956513,13965006,19487796,16592894,16404766,16179274,15953783
Israel,5913438,6232840,6114490,8460746,6464116,7546120,7046158,7100158,7504780,8327840,8568386,8274836,9077568,9014604,9149918,9291066,10307992,10549232,13761298,13336352,13275688,13387406,16221154,16608090,16422254,19133254,18199296,20765890,22447758,21029858,22465570,24196570,24950030,25115030,25176292,24389792,25851928,27201874,27423077,26328079,27946624,27212840,30389977,28780360,26816250,27134994,27287137,27540605
Italy,114557205,118289942,122425281,130441040,130773878,121001609,131186889,130270643,130187359,137483511,136520917,133882458,132938785,124221615,131911257,132412704,132328911,142476710,138759701,148450651,149924814,147997156,150551015,143689741,144281916,152811533,151653237,150805280,156066518,156937885,164518713,157873264,163738935,166577806,170278497,169971394,172187869,166696318,163560304,145634110,153015828,146746291,138745314,128433439,120832221,125224502,121897000,118569497
Jamaica,1730000,1916000,2548000,2956000,2704000,2646000,2418000,2303000,2329000,2551000,2221000,2275000,2200000,1934000,1871000,1626000,1644000,1703000,1764000,2038000,2544000,2530000,2634000,2690000,2794000,2869000,2898000,3074000,3170000,3239000,3635000,3580000,3371000,3660000,3586000,3598000,4087000,4176000,3365000,2684000,2424000,2615000,2520000,2801000,2675000,2624731,2531401,2438071
Japan,293919085,300044879,314039878,356280249,355732563,331313929,345196359,353084404,342710059,362902543,349957213,334912332,325248268,321233676,347853750,343660840,345097641,344490727,369408202,387500924,409371629,408638062,419098930,416018969,444482142,447255151,456115937,456917750,439774300,454461648,474937687,461842175,472085069,484174786,496520505,492606368,486179457,495856945,478482062,435718718,468725889,473550351,490390835,495062823,478149724,473651516,473715975,473780434
Jordan,586000,608000,650000,668000,752000,844000,1129000,1222000,1319000,1716000,1752000,2122000,2458000,2502000,2760000,2890000,2925000,3249000,3056000,3119804,3555032,3202278,3909550,3908354,4073842,4266710,4640688,4564732,4903252,4785864,4871362,4944494,5179428,5200182,6141698,6773127,6645797,7015393,6803355,7078458,6968508,6607788,8078284,7569297,8493357,8478172,8501238,8524304
Kazakhstan,,,,,,,,,,,,,,,,,,,,,,,125422926,108856121,99549297,85903189,75746984,64777437,64781513,57641331,58163051,62637600,65202438,72092772,84029224,83520280,97228277,103081768,109250462,100204419,111739774,119627167,121349925,126665849,118924070,111779611,115840859,119902106
Kenya,1725000,1739000,1768000,1803000,2085000,2041000,1648000,1895000,1950000,2105000,2174000,1975000,1877000,1751000,1682000,1807000,1861000,2062000,2233000,2299000,2273000,2170000,2214000,2460000,2484000,2285000,2241000,2685000,3132000,3272000,3511000,3150000,2705000,2379000,3159000,3210000,3449000,3443000,3770000,4160000,4314000,4582000,4209000,4417000,4634000,4804882,4906200,5007518
Kiribati,0,0,0,0,0,0,0,0,0,0,0,0,0,0,0,0,0,0,0,0,0,0,0,0,0,0,0,0,0,0,0,0,0,0,0,0,0,0,0,0,0,0,0,0,0,0,0,0
Kuwait,3412872,4158702,6992974,7692926,6650632,4419042,5642482,6938216,9335696,10730256,13640162,11689402,11660848,12468930,11755356,12788174,14995306,15313230,19320724,23242824,8703266,2348168,8502252,11829226,14633062,15199152,14927568,15321680,17523844,18711592,18676400,20104000,20727640,22316000,24022600,27593200,27089440,27657040,29882800,31994135,31717035,32364174,36949126,34662467,33773294,39824734,40645658,41835581
Kyrgyzstan,,,,,,,,,,,,,,,,,,,,,,,5700031,4359460,3070111,2024259,2550340,2321197,2593819,2151158,2017140,1650479,2238840,2410925,2498814,2482612,2564485,2998001,3690196,3381076,3165885,3319498,4592384,4329323,4500460,4877960,5087440,5296920
Laos,90,95,98,107,110,118,121,119,120,118,90,100,200,300,400,1000,2000,1000,1000,1000,1000,1000,1000,1000,1000,23521,50734,95447,245627,411885,412096,377327,500068,449111,598862,621971,647717,1037469,771498,877939,944973,960016,980017,1200319,1249344,1342850,1436357,1529863
Latin America + Caribbean,161337670,165906568,168679882,190267883,203804847,208657312,215394831,234975283,242831218,266013611,277748508,281695043,285956680,281149617,289598092,294149572,303995866,315857534,321094264,331910145,339056764,339934841,361441351,353600041,373853608,381178310,408786284,422177148,440560782,441893321,457223578,463771651,462978082,473088990,491079183,501598487,522746047,542559912,559968675,544246735,578762334,599947429,618562929,633728895,651933950,657995827,672159356,685646230
Latvia,,,,,,,,,,,,,,,,,,,,,,,5858097,4220979,4233709,3725486,3813420,3302117,3016659,3113891,2786356,3128388,4130970,3965249,4050512,3937995,4246281,4137874,3845920,4232653,3725634,4373023,4317434,4314620,2261029,2576125,2585893,2595660
Lebanon,1901000,1991000,2031000,2365000,2460000,2066000,2146000,1713000,2061000,2262000,2457000,2255000,1714000,1847000,1849000,2225000,2474000,2555000,1895000,1843000,1843000,2323000,2342000,3402000,3752000,4356000,4476000,5043000,4942000,5192000,4673000,5046000,5022000,4988000,5021000,4794000,4469000,3981000,5222000,6333492,6099355,6450219,7344083,7408947,8068810,8456970,8780630,9104291
Lesotho,0,0,0,0,0,0,0,0,0,0,0,0,0,0,0,0,0,0,0,0,0,0,0,0,0,0,0,0,0,0,0,0,0,0,0,0,0,0,0,0,0,0,0,0,0,0,0,0
Liberia,0,0,0,0,0,0,0,0,0,0,0,0,0,0,0,0,0,0,0,0,0,0,0,0,0,0,0,0,0,0,0,0,0,0,0,0,0,0,0,0,0,0,0,0,0,0,0,0
Libya,980257,1101249,2079635,661088,2200540,2965071,3130205,3852224,4370411,4951149,6921306,7956770,7715679,8719841,9022132,10156422,9848742,10861248,9922654,10757431,10556734,10710825,10591550,11058736,12535069,13319884,14198152,14373627,14621660,14559298,15301168,15499321,16061623,16566770,16823579,16738733,16598320,14436178,16007686,16681028,21182250,15761015,15989893,13706092,18324956,16276052,15018346,13760641
Lithuania,,,,,,,,,,,,,,,,,,,,,,,7703488,5638322,5741068,6064447,5823248,5691803,5663404,4984583,4886752,4761626,5060138,5296529,5418218,5724253,5992986,6095252,6095300,5189485,5593360,5687235,5558684,5303436,5097265,4756043,4758785,4761528
Luxembourg,5359280,5138304,5213850,5451925,5587483,4545584,4524509,4146366,4690388,4491853,4168840,3466887,3284856,3045012,3305940,3404342,3302257,3141345,3217307,3475647,3627251,3772102,3800276,3811715,3637447,2973336,3076543,2888428,2722997,2799902,3087026,3230117,3516181,3680374,4151516,4221754,4165016,3927970,3936752,3756202,3938123,3854315,3787642,3586848,3454842,3307340,3295052,3281765
Macedonia,,,,,,,,,,,,,,,,,,,,,,,8277000,8196000,7755000,8333000,8482000,7842000,9606237,8449728,8641932,9126499,8781907,8591831,8464086,8181339,7971640,7912299,8951243,8579085,7953773,9520308,8644874,7941868,7767178,7166658,7104726,7042794
Madagascar,0,0,0,0,0,0,0,0,0,0,0,0,0,0,0,0,0,0,0,0,0,0,0,0,0,0,0,0,0,0,0,0,0,0,0,0,0,0,0,0,0,0,0,0,0,0,0,0
Malawi,0,0,0,0,0,0,0,0,0,0,0,0,0,0,0,0,0,0,0,0,0,0,0,0,0,0,0,0,0,63241,78741,48271,59731,66101,50001,45001,55001,60001,52281,54001,54001,54001,54001,54432,70762,70516,70271,70026
Malaysia,4853234,4735670,4687556,4630556,4938186,5456970,5499966,6404726,8608076,9925787,10465029,10551895,10934667,12989456,13193850,12891138,14615812,15027386,15471412,17772457,19634328,24221045,25542744,29055224,29131216,31404946,34907100,40776974,39272442,38991959,43996865,46725421,49206335,51297580,58534905,62802371,63228245,70422358,74456657,69491687,75094192,80407486,78949767,90273681,91336732,96349036,99546987,102744939
Maldives,0,0,0,0,0,0,0,0,0,0,0,0,0,0,0,0,0,0,0,0,0,0,0,0,0,0,0,0,0,0,0,0,0,0,0,0,0,0,0,0,0,0,0,0,0,0,0,0
Mali,0,0,0,0,0,0,0,0,0,0,0,0,0,0,0,0,0,0,0,0,0,0,0,0,0,0,0,0,0,0,0,0,0,0,0,0,0,0,0,0,0,0,0,0,0,0,0,0
Malta,327000,330000,349000,343000,326000,296000,333000,350000,385000,384000,427000,467000,511000,395000,555000,510000,743000,782000,868000,919000,917000,950000,967000,1085000,974000,878000,797000,999000,806000,952000,1484000,1634000,1594000,1855000,1948000,1664000,1700000,1853000,1916000,2040000,2422000,2355000,2237000,2186000,2095000,2118214,2141429,2164643
Marshall Islands,,,,,,,,,,,,,,,,,,,,,,0,0,0,0,0,0,0,0,0,0,0,0,0,0,0,0,0,0,0,0,0,0,0,0,0,0,0
Mauritania,0,0,0,0,0,0,0,0,0,0,0,0,0,0,0,0,0,0,0,0,0,0,0,0,0,0,0,0,0,0,0,0,0,0,0,0,1525773,749600,603300,561200,413600,386200,330100,300000,163371,26743,0,0
Mauritius,106000,109000,112000,125000,178000,186000,202000,263000,281000,288000,277000,275000,263000,326000,312000,316000,399000,475000,489000,560000,448000,476000,519000,545000,585000,599000,640000,657000,812000,1040000,1135000,1306000,1226000,1250000,1340000,1445000,1512000,1716000,1667000,1523000,1738000,1834000,1878000,1957000,1956000,2008389,2067107,2125825
Mexico,34146541,35472231,39768883,44341963,48067545,51854896,54865632,59794966,67298638,74973062,86169032,92216609,95603166,89978795,93745070,97878563,94244134,100365046,100627179,106970668,108425725,112440810,113467832,114740894,122318859,115711891,119292644,124997835,131332830,133977353,138124152,141869673,143287066,150832326,153190165,160528662,165215443,165882737,164438567,158763610,161467780,170322550,173936129,172796372,169982475,167091005,169041797,170992589
Micronesia,,,,,,,,,,,,,,,,,,,,,,0,0,0,0,0,0,0,0,0,0,0,0,0,0,0,0,0,0,0,0,0,0,0,0,0,0,0
Moldova,,,,,,,,,,,,,,,,,,,,,,,7929680,6586850,5826346,4887114,3987023,3768171,3163680,2537324,2419753,2551751,2532135,2805838,2771559,2854919,2762909,2794753,2779910,2704358,2885218,2937385,2839794,2511250,2676568,2796107,2804683,2813260
Mongolia,0,0,0,0,0,0,0,0,0,0,0,0,0,0,0,7016000,7501000,7890000,8451000,8082000,7533000,7475000,6589000,6141000,5507000,5585000,5507000,5392000,5487000,5388000,5659000,5590000,6016000,5822000,5964000,5953000,6547000,6952000,6953000,8088000,9310000,9309000,6650000,8708000,9433000,10938379,12033829,13129280
Montenegro,,,,,,,,,,,,,,,,,,,,,,,,,,,,,,,,,,,,,1809000,1566000,2141000,1258000,2174000,2219000,2014000,1944000,1913000,1983867,2014857,2045945
Morocco,2625210,2685162,2691168,3022978,3577196,3697716,3959602,4285570,4392186,5558956,4626476,5097670,5295368,5346464,5589392,5984988,6147882,6448912,6708046,7297186,7414252,7440202,8287246,8351904,9148562,9395216,9629718,10209600,10407706,10549630,10923824,12461482,11885474,12112394,13026714,14313565,14493426,15496430,15470464,16013554,17433386,18548755,20571392,19758368,21239020,21809116,22560671,23312226
Mozambique,1487000,1461000,1249000,1368000,1228000,1067000,980000,991000,750000,779000,970000,827000,808000,737000,640000,564000,548000,553000,556000,545000,389000,351000,372108,399108,380108,383234,331234,388270,533378,393450,543702,582936,462836,639908,621000,510000,561000,709000,637000,729355,773590,1323369,2276402,3383347,2955861,3521101,4348007,5174913
Myanmar,1524860,1421404,1378802,1176568,1314602,1331448,1538048,1715404,1775592,1813704,1992202,2044848,2001960,2040710,2326478,2370744,2444792,1858194,1609682,1582734,1463462,1550390,1566760,1727900,2027376,2184924,2202910,2557010,2766944,3109939,3397057,3012510,2798579,3735624,4196551,4132882,4459091,4779462,4104952,3219556,2759539,2816669,4068490,4796828,6255386,5112521,5147220,5181920
Namibia,0,0,0,0,0,0,0,0,0,0,0,0,0,0,0,0,0,0,0,0,0,379000,410000,507000,587000,586000,640000,649000,664000,646000,622000,762000,662000,709000,723000,783000,815000,861000,978000,969000,977000,1004000,1085000,1161407,1221814,1261962,1302110,1342259
Nepal,56000,66000,91000,148000,143000,120000,88000,106000,104000,173000,194000,169000,197000,282000,303000,188000,276000,261000,265000,182000,317000,391000,398000,431000,545000,608000,623000,707000,746000,1098000,1125000,1196000,922000,1004000,942000,1123000,897000,925000,1053000,1189000,1461000,1594000,1798000,1726000,2131000,1909068,1978864,2048661
Netherlands,58308693,58781408,65794247,69500649,66691842,62572709,69818776,67457023,69859221,74638134,69829843,64338363,59969244,59136999,63566386,64847068,70831513,69317320,72515066,72572326,74356785,77447357,76428814,77064724,79301121,79672495,84898694,86785207,84079838,81354349,86997642,88568629,88060414,91380244,93870530,93338271,91927970,93189997,93650099,92130649,93776906,85712658,84988533,86637328,82549450,90303063,89944472,89585880
New Zealand,6306198,5973020,6546844,7085646,7730720,7093910,7632702,8183628,7504258,6908326,7050740,6606972,7277470,7651738,8138580,8833572,8534134,9121058,8894626,9682598,9744196,9957454,10462706,10833224,10629766,10920396,11641552,12473690,11800406,12577716,12483816,12988054,13447166,13582154,14230734,13730006,13976468,13947260,12985856,13311356,13420156,12945902,13069006,13887042,13827540,13356704,13348274,13339843
Nicaragua,491000,519000,513000,619000,598000,675000,730000,892000,828000,536000,637000,651000,620000,681000,590000,657000,689000,757000,713000,609000,626000,630000,754000,739000,738000,869000,933000,976000,1143000,1124000,1163000,1290000,1255000,1419000,1365000,1386000,1478000,1521000,1366000,1418000,1347000,1607000,1448000,1411000,1505000,1521911,1538821,1555732
Niger,45479,48062,45579,37809,41126,39978,40249,43374,49217,52735,20000,30001,45001,130002,150003,151003,124002,164003,155003,171003,172003,172003,170003,172003,172003,173003,173003,174003,174003,175003,335203,323303,361903,389903,446588,375063,367323,415299,427915,495922,619636,711004,820004,961426,925848,764128,859807,955487
Nigeria,1965030,2177198,2336176,3060838,3209804,3933062,4999158,5726242,7451484,7601688,9298818,10225218,11326838,11834742,11071156,11435578,10863322,11607714,12038196,13185000,13310000,14841300,15720000,15655000,12611320,12307998,13597678,15034994,19665600,14113954,16142080,18349156,16871030,20455625,17032382,20898674,19016404,15026459,20311640,15064993,18917594,22180044,21068980,22765594,22437882,17266512,17328782,17391052
North America,1733277528,1736142368,1823373740,1883919971,1839856172,1845903804,1924310892,2036901908,2016027437,2109816114,2041794057,1956326392,1888981330,1824872218,1996168330,1934777431,1974649691,2038856040,2101896453,2133114122,2169203725,2106325245,2140741357,2156289127,2276372409,2246463742,2313698275,2388152693,2441711156,2439472111,2455694514,2556727248,2494334821,2510926503,2577977343,2595636285,2621671073,2596270750,2549260899,2409716770,2409821359,2382958871,2280964945,2253901644,2357272492,2320967005,2298760921,2276554837
North Korea,29641000,30065000,31175000,31887000,33430000,34962000,37007000,39023000,41740000,44631000,47435000,48772000,51159000,53230000,54548000,56961000,56203000,53929000,54666000,54527000,51395000,49094000,43055000,39511000,36084000,33531000,29258000,28315000,25957000,28481000,30632000,31699000,30254000,30790000,31474000,32972000,33577000,27663000,30797000,30523000,28655000,20067000,20391000,14391000,16385000,17119054,15941788,14764523
Norway,10321303,9257263,9725500,9737800,9804570,9292602,10499720,11127214,11281964,11360258,11489428,9813847,10686761,9795810,10243203,10715777,12578697,11763164,10847600,11894657,13319728,11487117,12602584,13766911,13024192,13158140,13992566,13406079,13572904,14751040,14513601,12982587,13563475,16424677,13978239,14655674,15484990,14580467,19462787,18016042,20658379,16073673,16972350,19563720,15636019,17122223,17427518,17732882
Oman,1337000,1335000,1526000,1326000,1214000,1102000,1264000,1488000,1258802,1537538,1430486,1195532,1698696,1406850,1998248,2136678,2508448,2696686,2266700,2692856,4145002,5587126,5068336,5848190,5578785,5705073,5743517,6056791,6054219,6393947,6768875,6652688,7402115,7717247,7863715,8685883,13763316,15851410,15068858,14874864,17476551,20043103,21840250,22192815,22562852,25864727,27519328,29184928
Pakistan,6454994,6578732,6667898,7073870,8049914,8360778,7772014,8529370,9045412,10109674,10871770,12020332,13002932,13884350,14436032,15848088,16673664,19132500,20580286,21798752,23208632,24062474,25760210,27980200,29063038,30567440,32545210,33267652,33984508,36054886,37233208,37543272,37848736,39838792,44576500,46108658,48363828,52780480,50960282,51159972,51306786,50571180,50811300,51953576,52427528,56829710,57879939,58930168
Palau,,,,,,,,,,,,,,,,,,,,,,0,0,0,0,0,0,0,0,0,0,0,0,0,0,0,0,0,0,0,0,0,0,0,0,0,0,0
Panama,1887000,1988000,2152000,2388000,2588000,2802000,2597000,2445000,2298000,2702000,2139000,2186000,2283000,2473000,2309000,2318000,2449000,2599000,2367000,2399000,2565000,2917000,3244000,3332000,3605000,3534000,3707000,4086000,4542000,4436000,4537000,5135000,4566000,4740000,4459000,4732000,5213000,4550000,5497000,5306000,5891000,6483000,6932000,6709000,6828000,6964404,7095283,7226163
Papua New Guinea,0,0,0,0,0,0,0,0,0,0,0,0,0,0,0,0,0,0,0,0,4554306,5054306,5354306,5455818,5768753,4798684,5113816,3666412,3918322,4743045,3744457,3166237,2661009,2527089,2226222,2569885,2968985,2035383,2189410,2103360,453410,110695,843989,906346,678908,451470,224033,97801
Paraguay,205000,215000,226000,278000,224000,250000,278000,397000,488000,456000,489000,373000,454000,400000,516000,412000,524000,606000,567000,679000,655000,608000,723000,781000,1030000,1055000,1047000,1218000,1335000,1248000,1108000,1121000,1183000,1151000,1214000,1106000,1203000,1270000,1305000,1368000,1447000,1507000,1618000,1532000,1738000,1780071,1822143,1864214
Peru,5387878,5556592,5469562,6050556,6297104,6720422,6659322,7300452,6743518,6925392,7446804,7590324,7426706,6389690,6594764,6460800,6853318,7040216,7291626,6316184,6218154,6160832,6136908,6549006,7037652,8430070,8182696,8644348,8907812,8273510,9064586,8258880,8478794,8932042,9632418,10328070,11015576,11963678,12415450,13155012,14254685,15346564,15293151,16008260,19230064,18124585,18986862,19849139
Philippines,8474000,8614000,9061000,9146000,9296000,9938000,10693000,11342000,11538000,12869000,12540000,10479000,10348000,12350000,12556000,10101000,10117000,11526000,12977000,13497000,14728000,14511000,16810000,17011000,18404798,20873672,22098192,24218780,24033426,23703932,25628326,26059570,25943236,26826086,27626197,27417959,27137977,27719758,29234302,26703682,31527170,32334714,34171466,35687828,37159342,40122577,40910396,41698215
Poland,151779846,158942129,166219959,170683160,171984524,188241872,195699642,205910196,213330497,218706744,223016315,204772432,219151025,220263774,221818411,236203838,248789285,259747150,257431720,243432202,206138661,202289687,192965489,194214139,191097020,189177633,197488000,197762626,178009900,172721791,165051669,166574624,165755894,170079625,171103947,171406254,172987407,169259257,175250587,167353367,166719180,177320056,176937672,169724048,165244908,164167153,164185341,164203529
Portugal,5744000,6040000,6462000,6756000,7262000,7304000,8012000,8109000,8046000,9629000,9950000,9044000,10071000,10204000,10567000,10312000,11756000,12636000,12788000,16075000,17149000,16884000,18259000,17776000,17995000,20046000,18612000,20127842,21680137,24391117,23857600,23374654,24221448,23820152,23679613,25418655,23416849,22352526,21737572,21567915,18819915,19380103,18975615,17825189,17567906,20143906,19645972,19148038
Qatar,773430,848840,1119400,1211720,1099200,1919640,1483040,1858240,1065320,2654050,2802732,3986586,4102332,5227480,6442098,4987590,4340808,5423776,4914050,4992572,6213026,6620718,5939258,6676798,6692338,7110878,6395436,9708658,8087140,8024176,7712553,9337460,15229930,13222284,14299145,14427332,17022487,19783435,20075632,20799558,23841979,26801888,32568485,34926485,37783822,34409723,36381910,38354097
Rep Congo,186494,181512,233548,804602,217926,213710,508566,467972,436162,633054,262000,263054,536036,190054,306036,70036,155000,276000,153000,281000,311000,453000,246000,313000,405000,224000,242000,9000,131000,131000,195000,250000,204000,312718,325788,366038,407668,474832,621766,259250,839614,1635212,1038274,771512,1350988,1317073,1411940,1506808
Romania,51998255,54142377,57807153,63173563,65119369,68656648,71650084,75639332,82992088,85390535,88659334,89175327,89563335,96045785,95094738,98481242,102254913,108449430,114836743,116002290,91306957,72925250,76290999,74144884,72232585,75672654,76333221,66641549,54868344,47050684,53694921,59619701,56191298,59338128,59367186,57020395,61466342,63117887,60794184,53741094,50880461,55190864,53733941,42860693,41791694,42355395,41164315,40155288
Russian Federation,,,,,,,,,,,,,,,,,,,,,,,847271644,789055924,696996336,664199165,643351597,606836747,599042216,609299050,627204904,637075386,619045753,647450638,634365974,643820724,665038284,658350076,702069157,622009801,661368011,694060747,723455590,711061674,697753093,711462920,714817350,718171781
Rwanda,666,666,666,666,666,666,666,666,666,720,756,720,756,756,720,720,666,630,702,702,108,90,108,126,126,126,126,144,601,950,964,581,72,221,351,421,432,433,6432,19468,29405,46405,46405,46425,46405,53206,60007,66808
Samoa,0,0,0,0,0,0,0,0,0,0,0,0,0,0,0,0,0,0,0,0,0,0,0,0,0,0,0,0,0,0,0,0,0,0,0,0,0,0,0,0,0,0,0,0,0,0,0,0
Sao Tome and Principe,0,0,0,0,0,0,0,0,0,0,0,0,0,0,0,0,0,0,0,0,0,0,0,0,0,0,0,0,0,0,0,0,0,0,0,0,0,0,0,0,0,0,0,0,0,0,0,0
Saudi Arabia,17852596,19309900,19142456,20404938,21584200,16799404,19528506,21076390,23948642,28467138,34597032,43518214,48180248,52496986,48454332,53160332,49896340,58472866,65090878,61533000,57046270,67382842,76463036,79037712,82550816,83002620,88440344,84385948,89708616,91715088,95696228,97844494,111878110,110699422,113894616,118262830,129207522,135575978,149083262,154795926,170818900,177672754,187049658,181680788,203647418,233529840,242019658,250509476
Senegal,1422000,1449000,1457000,1557000,1431000,1275000,1047000,1115000,1257000,1235000,1228000,1202000,1073000,907000,990000,780000,1075000,908252,884678,877354,834662,807600,967232,879584,1053164,953150,1042784,1095710,1270848,1361004,1492468,1667000,1471538,1651486,1763340,1990970,2028180,2068460,2203820,1926852,2171910,2305584,2183196,2317068,2551526,3064012,3143057,3222103
Serbia,,,,,,,,,,,,,,,,,,,,,,,,,,,,,,,,,,,,,44562775,44143966,46047829,44424640,44384874,47785588,43908255,45580224,35295031,42614355,42113115,41597876
Serbia (and Montenegro),,,,,,,,,,,,,,,,,,,,,,,43261067,39900509,36593474,43618932,45557030,48675514,49671310,36212753,45765978,47579020,50079092,53002359,54522291,50905848,,,,,,,,,,,,
Seychelles,0,0,0,0,0,0,0,0,0,0,0,0,0,0,0,0,0,0,0,0,0,0,0,0,0,0,0,0,0,0,0,0,0,0,0,0,0,0,0,0,0,0,0,0,0,0,0,0
Sierra Leone,0,0,0,0,0,0,0,0,0,0,0,0,0,0,0,0,0,0,0,0,0,0,0,0,0,0,0,0,0,0,0,0,0,0,0,0,0,0,0,0,0,0,0,0,0,0,0,0
Singapore,5207000,6439000,10599000,12062000,11547000,11921000,13820000,12955000,11552000,10526000,8088000,12176000,13555000,13045000,11673000,10474000,14887000,20741000,22437000,21416000,24886000,27095000,29750191,34089767,35951169,32674821,36320315,42496393,39599877,40155214,41453065,44856089,44009618,48350956,57870943,49815489,54314493,56937171,63570989,63161698,69475659,72746452,74120194,73980384,75763443,78084295,80675261,83266227
Slovakia,,,,,,,,,,,,,,,,,,,,,,,,21198370,19703182,19932968,20741936,19713515,18402575,17303851,17173872,16963560,17219554,17091312,17323508,16864773,16171478,16417654,16254607,15235930,14876411,14935225,13995779,13731962,13017889,12739549,12396270,12052992
Slovenia,,,,,,,,,,,,,,,,,,,,,,,7807911,7884959,7781015,8156531,8484793,8717455,8485451,8435894,8074796,7738636,8383885,8646211,8742373,8537121,8501830,8586619,9302274,8270948,8321649,8241661,8160116,7362515,6467217,6500933,6391691,6282448
Solomon Islands,0,0,0,0,0,0,0,0,0,0,0,0,0,0,0,0,0,0,0,0,0,0,0,0,0,0,0,0,0,0,0,0,0,0,0,0,0,0,0,0,0,0,0,0,0,0,0,0
Somalia,0,0,0,0,0,0,0,0,0,0,0,0,0,0,0,0,0,0,0,0,0,0,0,0,0,0,0,0,0,0,0,0,0,0,0,0,0,0,0,0,0,0,0,0,0,0,0,0
South Africa,69609000,70535000,70345000,74596000,77323000,81391000,85577000,88312000,90459000,92722000,103461000,108950000,124902000,126866000,137466000,139620000,143765000,147656000,148453000,139369000,138538000,142949000,135753000,147723274,153853274,162248274,162336652,171042160,181039694,173140304,171651432,169751604,165520752,186953924,197578330,195004708,198673125,209150370,224251402,225294703,216879271,215055317,214055057,212514223,221680055,206406403,209570416,212745570
South Korea,22182000,23113000,24173000,27041000,30612000,33732000,34744000,40285000,43148000,49282000,50583000,53635000,55350000,56944000,60638000,66183000,72377448,75165983,85239074,88237091,93665986,104628279,118365712,132410496,144080528,154333122,165501065,180141584,163013396,174299881,194637495,193625503,196702629,201910868,209636071,202715206,211959613,220915038,229538442,234404537,261434257,271293783,270891184,276395525,277906299,287011775,294490554,301969332
South Sudan,,,,,,,,,,,,,,,,,,,,,,,,,,,,,,,,,,,,,,,0,0,0,0,465000,508000,524000,0,0,0
Spain,44910199,50133250,51701286,58286604,62073753,61913502,69203196,70761984,72737466,78284628,86106088,92862530,92246924,93183339,89969012,91541838,89842097,88996307,90846098,100237539,100513086,102110328,106350191,100186967,102279975,109082513,105327165,110575655,118621499,125390071,129060598,128182768,137429278,135352497,142629323,149431019,147695217,145749355,136142600,122569160,115247672,113053546,109990017,95556440,98311602,102030376,98741712,95797766
Sri Lanka,1222000,1310000,1543000,1642000,1361000,1352000,1305000,1472000,1444000,1607000,1593000,1471000,1697000,1631000,1683000,1574000,1565000,1839000,1761000,1514000,1657000,1628000,1684000,2071000,2055000,2341000,2704000,2827000,2917000,3115000,3702000,3463000,3820000,3590000,3900000,4121000,4089000,4216000,4109000,3844000,3982000,5453000,6020000,5341000,6226000,6672333,6877148,7080750
Sudan,,,,,,,,,,,,,,,,,,,,,,,,,,,,,,,,,,,,,,,,,,,4862000,4847000,4949000,4376000,4257900,4139800
Sudan (Former),0,0,0,0,0,0,0,0,0,0,0,0,0,0,0,0,0,0,0,0,0,0,0,0,0,0,102000,254000,508000,3450000,8857000,10394000,12035000,13250000,15050000,15250000,17250000,23800000,23098000,23738000,23104000,22632000,,,,,,
Suriname,0,0,0,0,0,0,0,0,0,0,0,0,17000,18000,37000,62000,104000,121000,189000,220000,218000,266000,269000,270500,272000,275000,274000,275000,276000,277000,544000,588662,396550,437437,490332,590479,540718,505083,525343,529322,661287,648090,718154,626217,631077,652897,674718,696538
Swaziland,54493,56834,68613,61163,93447,112392,120481,121697,124857,127088,176003,164003,164003,102002,125002,166003,172003,165003,165003,165003,160003,123127,100502,49751,182253,171253,129377,341186,341186,441836,348256,450008,509814,410517,443357,450946,443542,461727,475558,481438,488968,488968,488968,225893,257645,250498,243351,236204
Sweden,33041000,32040000,30403000,31213000,30987000,31958000,31890000,31224000,27814000,31764000,28459000,23376000,22534000,20993000,19100000,22473425,24739709,20214849,20667273,19851033,20372319,19797047,19780887,20306237,22413531,21748175,22759327,22032909,22623862,20694314,20581371,21752434,21662649,23988498,22728190,22761478,22127131,21755540,22778711,19547531,22190424,22376682,19012680,19809807,19677939,17536708,17249530,16962353
Switzerland,13905177,14091188,14275351,15129629,14455404,13270272,14023700,14422313,14557648,14503365,14616898,13628346,12608193,13775190,13657162,13678603,15194556,13714976,13952086,13701261,14746989,14814114,14801255,13625951,14201259,13785333,14405909,14750697,15224319,14286159,14086524,15493605,14765518,14319734,14562810,15022475,15242638,13723690,14875410,15180768,14217476,13507667,14110143,14686012,13186888,12923842,12807431,12691020
Syria,2833000,2757000,2365000,2439000,2980000,3571000,3951608,4791164,4480264,6452020,5125678,5574984,6605460,8510820,9325900,7500000,9320078,9465866,9912012,9618066,10600366,11671012,11990984,12180800,11911856,12894396,12710084,13169416,14669950,13899020,13811020,12115024,10615756,16980410,14988180,18101460,22247250,21864600,21725750,20393249,21700803,20563814,14456824,11215056,10274238,10661473,9874872,10162686
Tajikistan,,,,,,,,,,,,,,,,,,,,,,,2842652,1923808,1062027,872152,789522,892219,973210,891169,782621,752179,741611,753020,913854,872739,950540,1170992,1116316,888169,886117,936373,1194489,1483260,2049236,2286110,2355290,2426053
Tanzania,808000,846000,795000,970000,777000,711000,954000,684000,771000,792000,850000,720000,700000,710000,704000,756000,731000,710000,723000,729000,757000,753000,675000,760000,766000,1061000,1005000,933000,868000,802000,906000,992000,1128000,1175000,1602648,1779936,1896032,1851248,1896912,1835878,2184470,2761846,3444382,3572352,3655038,3947495,4141215,4334934
Thailand,6286000,6728000,7081000,8535000,8035000,8470000,9311000,10467000,11237000,11994000,13586000,12675610,12627990,14140812,15472278,18008392,18317764,22067306,25013838,29725494,36936192,40990874,45223306,50096620,56411708,62268732,72667424,74567712,67287449,69545445,71322024,75813252,82039825,88105731,95576393,98428167,99444793,102491978,105089335,104713552,111500565,112986918,118484436,122285872,124859592,125811661,129193691,132575721
Timor-Leste,0,0,0,0,0,0,0,0,0,0,0,0,0,0,0,0,0,0,0,0,0,0,0,0,0,0,0,0,0,0,0,0,0,0,2589000,4709500,5032500,3914400,4987900,4801300,8517834,4176700,7752223,8409098,8497702,8586305,8674908,8763512
Togo,112000,108000,113000,96000,86000,100000,85000,108000,116000,140000,126000,115000,137000,95000,108000,94000,152000,165000,160000,162000,212000,201000,163000,78000,178000,291000,302000,275000,317000,364000,324000,256000,305000,385000,374000,348000,264000,294000,312000,757000,713000,622000,561000,578000,597000,625407,653814,682221
Tonga,0,0,0,0,0,0,0,0,0,0,0,0,0,0,0,0,0,0,0,0,0,0,0,0,0,0,0,0,0,0,0,0,0,0,0,0,0,0,0,0,0,0,0,0,0,0,0,0
Trinidad and Tobago,3741186,4024720,3749774,4381856,3858782,2946902,3493754,3630148,3710738,3737508,3565940,3928084,3620050,4027402,4548672,4740944,4549684,4227932,4604786,4767022,5350630,5437514,5799706,5192946,5207742,5126440,6749806,6819248,7037472,8343611,9025038,9812049,10865836,12206881,12499160,14611452,16049933,17080622,16393717,16373590,17199652,17107773,16648065,16940776,16867866,15823833,16243248,16662663
Tunisia,1738018,1671756,1563416,1840320,1909428,1483564,1904804,2278692,2892096,2989636,3566282,3461486,3139622,3837586,3544980,3592476,3542401,3279794,3753046,3476340,3981564,3980533,4310967,4445095,4635822,4348045,4691917,5121888,5371828,5924881,5982354,6733356,6705881,6766915,7035431,6736177,7231983,7464054,7838469,7491215,8320001,8162277,8555806,8719166,8888541,8958651,9135413,9314466
Turkey,16512000,18297000,22688000,24584000,26472000,27174000,31174000,34512000,36634000,32230000,34982000,37367000,39889576,44138942,49087576,59828188,68807324,73439266,66021536,79217156,79421065,76846414,84043936,85398264,90434909,96109380,102184448,107797725,115894172,114523734,119439654,111158558,109480105,110895455,110092798,125804431,139483539,158167672,157029757,155361155,153146274,162098838,167818273,154042233,165216179,164931764,169562348,174192932
Turkmenistan,,,,,,,,,,,,,,,,,,,,,,,9859290,8975155,11668789,11913533,10640274,10917621,11445309,13363855,12987418,13154989,13804598,15421474,16118070,16726925,17097630,19448291,19661540,17791496,20241998,21638818,22313675,22836705,23370562,29956230,30860249,31764268
Tuvalu,0,0,0,0,0,0,0,0,0,0,0,0,0,0,0,0,0,0,0,0,0,0,0,0,0,0,0,0,0,0,0,0,0,0,0,0,0,0,0,0,0,0,0,0,0,0,0,0
Uganda,0,0,0,0,0,0,0,0,0,0,0,0,0,0,0,0,0,0,0,0,0,0,0,0,0,0,0,0,0,0,0,0,0,0,0,0,0,0,0,0,0,0,0,0,0,0,0,0
Ukraine,,,,,,,,,,,,,,,,,,,,,,,247332862,209206673,173699216,174572933,147467198,140035440,133754695,133427168,131244180,130455013,132403010,142976571,137439947,134516642,135058779,133640344,132356693,110746478,111446181,123488687,120204939,112441617,90224147,75574919,72036772,68153098
United Arab Emirates,809048,869500,907532,1158076,1229536,1794320,2292880,3766054,4322826,5164785,8560308,10020147,10881876,10610184,13062568,16188150,19637157,21852507,24208232,27125450,27614396,33748591,32837816,34185633,37203079,38663615,39664557,41323476,42001393,42204461,41252761,48139394,47149505,48011218,51929015,54729301,57565310,62447841,71394860,70120540,72734641,76637175,80368014,82100028,83582507,92389452,95703895,99018339
United Kingdom,253240860,271739686,251622972,263380035,246578548,246704871,244269944,241491633,247206622,252798395,246465703,224775349,226560771,221823109,183053659,218718250,229192203,225755927,230071919,229529178,224249859,237521625,231114979,218131809,198067597,203530412,213894270,211333966,210143346,208221336,208398882,220080269,207527011,210422568,216282551,217899495,221180229,206905095,211517527,195015892,187363526,181562957,186781666,186173856,173518577,157372469,153548239,149724008
United States of America,1608611945,1611224384,1690158610,1746806020,1702818863,1698530627,1778373124,1881259234,1864482510,1943256642,1876359297,1796962851,1735498787,1677778783,1833297358,1777934057,1816382187,1871379439,1925963502,1954229721,1992531299,1938147632,1969743813,1978847345,2092837667,2063556984,2122359991,2187260655,2239206050,2238374372,2251277456,2346886383,2287653847,2297731010,2361502885,2373645578,2401984430,2379988820,2333258038,2204469573,2202066023,2171260016,2072331268,2049186082,2137123744,2110371073,2088354019,2066336965
Uruguay,1896000,1891000,1939000,1877000,1932000,1963000,1963000,2042000,2231000,1990000,2096000,1909000,1688000,1244000,1262000,1101000,1459000,1240000,1568000,1540000,1341000,1660000,1907000,1528000,1627000,1960000,2012000,2037000,2055709,2505579,1967100,1938317,1504468,1858060,2262008,2112167,2472342,2179964,2955131,2965847,2560066,2791132,3285627,2550723,2440469,2520500,2600424,2677591
USSR,1087688423,1110924454,1166508757,1208091898,1236445051,1302935326,1317081183,1361660713,1386860744,1426180487,1431086790,1459525923,1483973734,1499892284,1515388083,1561042753,1607984933,1628920824,1665221864,1643921509,1578637976,1537985834,,,,,,,,,,,,,,,,,,,,,,,,,,
Uzbekistan,,,,,,,,,,,,,,,,,,,,,,,44646876,45329955,44783770,41813913,41073382,41035332,45703001,47075761,47584002,48240758,50183439,47766825,47203758,43520787,44193963,44121159,45331754,40298049,39524537,43392751,43944830,38945583,39497465,37170793,36567533,35964273
Vanuatu,0,0,0,0,0,0,0,0,0,0,0,0,0,0,0,0,0,0,0,0,0,0,0,0,0,0,0,0,0,0,0,0,0,0,0,0,0,0,0,0,0,0,0,0,0,0,0,0
Venezuela,19647900,19051912,12265224,16188260,22208772,23779268,18300108,25789382,21891754,25343012,28825244,31213304,31578172,31174044,30675574,32001910,32573776,33292274,31019986,32863164,35538826,35185944,47638340,34978736,37482642,39295526,45735316,40014634,43335346,39838094,42040702,48130720,47598126,43176198,45398562,37158594,42474466,45662683,50188411,50172224,56422469,52585331,59000862,55289873,54992989,55016376,55768332,56196367
Viet Nam,8173000,8211000,7690000,8425000,6550000,7618000,5037000,5500000,5531000,5828000,6387000,6680308,7238580,7836068,6426606,6906108,7643540,8606486,8265646,6917526,6821268,6613114,6595544,8742334,8349846,10270006,11825104,14314510,15796080,14557786,18064494,18309024,21606556,23106874,31314891,33655734,27021480,30745555,41669618,42125102,51383650,55764438,53675740,55894974,61302872,71337504,74694434,78051364
West Asia,36267856,39082930,41824798,46288192,45958284,43863592,50963786,54313046,61091862,74167193,84935626,94299457,102569510,111826492,113876830,123115858,128252829,141221143,156897600,161838368,146928276,156533607,179117436,195408297,209215412,213096070,219118210,228667526,226470311,223932952,231336673,245514168,263712714,268511663,279640731,296745615,320898181,336955567,365325336,377476024,406621298,424198584,449413702,448670079,476130779,538231813,557850776,579189075
Yemen,973000,1018000,818000,1219000,963000,950000,1417000,1620000,1588000,1625000,1856000,1305000,1807000,1806000,1967000,2214000,2213000,2767000,2888000,2780000,2803000,3245000,3640000,2956000,3068000,3478000,3541000,3776000,4026000,4501000,4817000,5364000,5579000,6282000,7139000,7572000,8562000,6914000,7278000,8011430,7643087,6374178,5756577,7937193,7116403,3573557,3540826,3773016
Yugoslavia SFR,40768414,42192612,41659550,47928032,48614870,50322660,51782840,54343660,57340342,63053828,62463487,71330715,74180168,79661102,87530014,90509171,92477824,95316078,96581369,95905699,99594876,86794347,,,,,,,,,,,,,,,,,,,,,,,,,,
Zambia,1387000,1342000,1502000,1877000,1686000,1701000,1702000,1489000,1485000,1266000,1294000,1257000,1341000,1208000,1186000,1192000,1181000,1043000,1178000,1157000,1061000,965000,1008000,864000,699000,720000,679000,610000,859000,709000,704000,707000,769000,830000,768000,822000,745000,525000,596000,622000,656000,764000,1046000,1091000,1080000,1148685,1171623,1194561
Zimbabwe,3007000,3075000,2873000,3356000,3217000,2963000,3367000,2986000,2886000,2865000,3172000,3071000,3081000,3160000,3256000,3776000,4416000,5644000,5570000,5650000,6102000,6884000,6962000,6439000,6009000,5989000,5721000,5355000,5452000,5833000,5325000,5376000,4865000,3991000,3670000,4146000,4000000,3867000,2973000,3079000,3299000,3881000,4102000,4272000,6831000,5365696,5394304,5422911
